0,-385876.05421599996,4408417.53256
0,-375405.620048,4404978.21879
0,-364028.792542,4434033.2343
0,-336713.342434,4429684.31275
0,-360054.985032,4363826.08065
0,-358908.753339,4417605.92635
1,-346286.228425,4447580.026380001
1,-357800.748351,4444681.45561
1,-344790.718355,4447644.267659999
1,-352648.594294,4446393.08829
1,-333567.122384,4449408.9071
2,-343971.636895,4455064.96648
2,-336025.621068,4456244.06286
2,-336000.940302,4456224.117769999
2,-335706.958017,4455643.01969
2,-334455.047675,4459267.07673
3,-333744.983508,4460183.76004
3,-334249.44954299997,4460075.52786
3,-334097.540997,4460158.13507
3,-334214.860656,4460287.27796
3,-334187.017776,4460652.05586
4,-340981.263452,4464024.07975
4,-341417.63211999997,4464311.65652
4,-336431.079439,4461621.41195
4,-333860.33675300004,4463618.17639
4,-334084.047329,4460980.21946
5,-334738.722731,4465196.03703
5,-346664.812692,4467145.46681
5,-333619.363383,4464523.360230001
5,-336356.74824,4467122.72159
5,-334142.214251,4464804.67211
6,-337555.79703099997,4467281.31039
6,-340876.719266,4467941.05439
6,-337567.392358,4468248.90157
6,-344675.72554099996,4468879.72812
7,-336771.575542,4470598.687
7,-337974.72304899996,4474564.03382
7,-339236.012623,4469080.5113
7,-335038.427848,4469853.287
7,-333549.214973,4472298.303619999
8,-337954.16507600003,4475833.5670300005
8,-337277.804863,4475867.23875
8,-339164.60455,4474923.0332
8,-337881.073087,4475383.93435
8,-337389.467125,4475606.341569999
8,-351120.115896,4474681.96167
9,-336250.31161,4479966.0092
9,-338303.623721,4485129.74496
9,-337704.03111700004,4476749.75096
9,-342407.441886,4482254.17945
9,-346932.380671,4483164.134430001
10,-351803.671879,4485318.61661
10,-344641.217245,4486669.05961
10,-376626.322148,4488469.94126
10,-343868.84569499997,4486628.878830001
10,-338691.685376,4499949.15723
11,-349974.97542800003,4511313.17767
11,-335542.907925,4509566.88659
11,-335047.944974,4500781.6432300005
11,-340690.73869800003,4504258.33859
11,-342339.080549,4506062.000580001
12,-358871.162464,4520717.56278
12,-349601.66820300004,4517718.388280001
12,-349560.206979,4517735.26889
12,-351649.327339,4517798.19721
12,-346731.819058,4511727.15847
13,-347460.451711,4538735.65005
14,-332529.691134,4455708.21287
14,-329807.701219,4455816.38191
14,-331960.44325300003,4449202.8626
14,-330010.367876,4441066.13497
14,-331421.429698,4457256.313999999
14,-329996.13862399996,4440971.66301
15,-332854.594326,4460079.3063900005
15,-333120.880178,4461095.07929
15,-329652.354544,4458540.548830001
15,-332790.195698,4458416.84186
15,-332944.005577,4461085.22411
16,-329513.856077,4463249.71347
16,-330246.043489,4461836.23724
16,-329962.927585,4462777.229590001
16,-329833.575786,4463431.73486
16,-330119.002871,4461896.65634
17,-331210.73906999995,4463629.35068
17,-332701.20101799996,4466038.77871
17,-331155.446573,4464646.35836
17,-332681.294841,4466094.79928
17,-329690.77747800003,4465707.894619999
18,-330727.698028,4466444.41413
18,-330161.686813,4466414.9516900005
18,-332308.43636399996,4466228.76724
18,-331844.597441,4466559.932440001
18,-329613.82889899996,4466545.90487
19,-329344.895118,4469134.35176
19,-329356.779409,4469192.76859
19,-332213.058207,4469926.63973
19,-330395.847814,4468954.31747
19,-332552.898728,4466904.62746
20,-330099.602681,4470321.07316
20,-329948.436391,4470388.19035
20,-332184.575141,4470161.41125
20,-333024.68613600003,4469960.29543
20,-332151.19630999997,4470690.42293
21,-329344.828653,4471156.9606
21,-329349.05071,4471251.2164
21,-329359.14434899995,4471601.34816
21,-329346.960533,4471337.35557
22,-333074.25984099996,4472226.930819999
22,-330541.22240100004,4471797.531169999
22,-332548.442219,4471814.13402
22,-332794.61065,4471816.21034
22,-331752.377047,4471936.53328
22,-329348.507312,4472024.88263
23,-329422.477817,4472543.69009
23,-331601.028734,4473473.732969999
23,-329750.120846,4472254.12061
23,-330493.07685199997,4472877.74593
24,-329751.416131,4474640.10138
24,-329756.171286,4474690.14676
24,-329714.523706,4473769.88909
24,-329990.345348,4474143.0629900005
24,-329631.545468,4473540.71247
24,-329774.037833,4474330.68546
25,-331673.158308,4475331.38908
25,-331432.039175,4474910.48928
25,-330442.65631500003,4475835.53575
25,-331377.45947199996,4475062.09755
25,-332697.499102,4475890.56654
26,-330500.772213,4476364.6640099995
26,-329416.713186,4477303.48109
26,-330430.056412,4476509.89898
26,-330579.19587199995,4477023.70864
26,-331082.764815,4484585.51741
27,-329714.788179,4487448.020819999
28,-328490.293855,4450053.46366
28,-328860.997028,4463209.6567400005
28,-329111.815173,4443324.472159999
28,-328776.264686,4448931.211069999
28,-328880.900053,4464204.51777
28,-329137.936019,4463211.36157
29,-329293.191444,4470066.20869
29,-328863.621035,4465790.729719999
29,-328495.520067,4470875.19219
29,-328889.431517,4465543.9363
29,-328955.097794,4468593.23188
30,-329301.076507,4471072.28855
30,-328663.667893,4471257.710419999
30,-328570.507389,4471269.97505
30,-328616.65593,4471303.58219
30,-329322.566946,4471204.19501
31,-329262.506888,4471497.81238
31,-328745.499993,4471478.015240001
31,-329225.40736799996,4471463.8871
31,-328564.728793,4471516.22942
32,-328929.974194,4471575.6483
32,-329262.036633,4471554.19825
32,-329032.675469,4471703.6249
32,-329278.363848,4471949.36432
32,-329258.63643,4471562.27365
32,-329316.99271900003,4471890.40955
33,-328842.878279,4472053.85674
33,-329333.578169,4471980.88659
33,-328595.74184699997,4472052.45702
33,-328530.824423,4472058.28868
33,-328699.811194,4472049.98351
34,-329279.072595,4472304.1323
34,-329293.887337,4472384.986269999
34,-329020.57348,4472077.3049099995
34,-328626.042786,4472068.54857
34,-329258.141443,4472074.3255199995
35,-329030.798762,4472524.89403
35,-329243.216473,4472493.547259999
35,-328814.173744,4472506.181340001
35,-328932.71294299996,4472534.2141
35,-329276.56754099997,4472548.12807
36,-328540.749173,4472614.16598
36,-328908.660755,4472582.26558
36,-328715.658423,4472906.33901
36,-329311.879668,4473081.0891
36,-329282.375862,4472821.18862
37,-328878.744448,4473125.47915
37,-328739.44720500003,4473272.4336
37,-329288.942178,4473410.88177
37,-328990.861576,4473430.521869999
37,-328525.308164,4473248.36395
38,-329236.386651,4473481.71055
38,-328894.47702,4473496.730219999
38,-329061.74366,4473493.877090001
38,-329121.328789,4473468.13635
38,-328904.06291700003,4473517.30505
39,-328883.56015,4473523.5473
39,-328874.19162600004,4473531.53047
39,-328817.322791,4473609.8853
39,-328920.07245100004,4473535.9606099995
40,-329123.763914,4473677.336490001
40,-328609.20001599996,4474014.18659
40,-328617.47764299996,4474045.33034
40,-328967.100352,4474139.867219999
40,-329225.955477,4474292.96955
40,-328598.20969,4473823.55011
41,-329078.52008600003,4480685.00995
42,-328247.987662,4450434.981480001
42,-327835.13433800003,4454750.98831
42,-328107.49131199997,4463103.906219999
42,-327843.255822,4459789.28985
42,-328366.093615,4440682.766369999
42,-327666.037259,4455749.0414
43,-328083.524205,4468444.89552
43,-328469.03629699996,4468057.72988
43,-327904.306064,4466035.457330001
43,-328106.775193,4468409.143540001
43,-328401.88176799996,4467946.51413
44,-327874.28498,4469229.628380001
44,-328137.226954,4469298.4973
44,-328411.621334,4469177.4353
44,-328017.93707399996,4469249.419430001
44,-328382.084005,4469333.027419999
45,-328202.915678,4471190.43085
45,-328101.78515300003,4470854.55046
45,-327677.443869,4471010.61703
45,-328480.276458,4471256.326669999
46,-328331.482545,4471910.10616
46,-328031.017535,4471638.91135
46,-328410.573806,4471373.91074
46,-328293.616201,4471730.7431
46,-328235.74416,4471743.3658300005
46,-328217.599654,4471367.16708
47,-328329.760758,4471924.22339
47,-327825.687785,4472009.30594
47,-327759.936674,4472016.17896
47,-327796.00026,4471988.92964
47,-327723.62451,4472015.3903
47,-327628.120575,4472001.16801
48,-328263.194188,4472310.92109
48,-327887.48008,4472063.5785300005
48,-328099.082628,4472544.30919
48,-328361.44516,4472152.87916
48,-328162.940069,4472544.40419
49,-328386.229345,4472732.68779
49,-328374.510833,4472732.6036
49,-328069.277882,4472551.36621
49,-328170.03629699996,4472570.302619999
49,-327643.508464,4472777.61959
50,-328043.01074,4472842.29918
50,-328397.67155100004,4472804.60678
50,-327852.68079,4473034.32545
50,-327773.20820500003,4473072.92161
50,-327653.16074699996,4473065.01956
51,-327917.056774,4473083.57011
51,-328323.946733,4473143.47022
51,-327989.121462,4473103.16746
51,-328358.756153,4473249.99029
52,-328325.423477,4473622.191269999
52,-328187.387865,4474358.33188
52,-328308.782529,4473774.84955
52,-328091.63406799996,4473804.97896
52,-328341.168725,4473837.94938
52,-328007.15994499996,4473808.80973
53,-328370.98456,4474729.27025
53,-328326.843306,4476463.4918
53,-328308.014436,4476415.688130001
53,-328313.699525,4476669.09698
53,-328128.966138,4478369.21409
54,-328037.022396,4478834.29955
54,-328313.310284,4480586.4673
54,-327867.333452,4479399.78391
54,-328359.520129,4480733.04036
54,-328395.58935300005,4480804.937030001
55,-327696.27225599997,4483576.50992
56,-327037.718348,4470990.3007
56,-327298.165173,4467626.41719
56,-327008.187095,4467452.99966
56,-327142.807456,4463504.21963
56,-327006.493999,4470989.13502
57,-326993.460963,4471749.34045
57,-327159.149774,4471731.48566
57,-327182.029802,4471517.83219
57,-326999.096493,4471865.41472
57,-326998.208919,4471286.725869999
57,-326975.986556,4471245.09384
58,-327206.600196,4471967.37355
58,-326991.31218,4471954.38232
58,-327176.193804,4471946.958880001
58,-326950.17068000004,4471917.77429
58,-326915.368281,4471933.59665
59,-327035.83447600005,4471971.98662
59,-327302.861901,4471991.81123
59,-327511.967119,4471981.68035
59,-326956.84013699996,4471985.863969999
60,-326980.60017,4472055.44236
60,-326947.165769,4472015.17258
60,-326940.778784,4472048.64845
60,-326970.38279,4472082.1908599995
60,-327419.450521,4472016.60006
61,-326962.638039,4472497.89011
61,-326945.995941,4472317.53096
61,-327033.37421,4472325.18606
61,-326941.813614,4472250.00637
61,-326959.36091,4472272.24856
62,-327154.718962,4473054.99525
62,-326916.81288499996,4472685.2624699995
62,-326979.548559,4472682.897369999
62,-327545.06412600004,4473082.00586
62,-326949.350149,4472553.54391
63,-326977.795147,4473737.37116
63,-327521.630652,4473088.67385
63,-326937.89687199995,4473764.65197
63,-327475.97494,4473098.155180001
64,-326912.935043,4474919.76717
64,-327562.54685100005,4473793.4686199995
64,-327600.704025,4475049.927130001
64,-327141.354397,4475029.548169999
64,-327207.70400300005,4473987.51458
64,-327407.402294,4473825.57135
65,-327153.229895,4475542.44448
65,-327133.102354,4475505.12628
65,-327313.560624,4475503.81804
65,-327413.92995799996,4475394.2969
65,-327153.291442,4475421.80961
66,-327274.186953,4475632.98339
66,-327392.385454,4475771.54706
66,-327228.970936,4475568.21029
66,-327253.231632,4475714.26726
66,-327270.628415,4475630.67815
67,-327411.844445,4478196.24225
67,-327015.25820700004,4476097.63052
67,-327123.708225,4475833.77109
67,-327060.057047,4476037.43507
67,-326995.20691999997,4476162.792669999
68,-327478.10128400003,4478629.09652
68,-327443.94118,4484729.66756
68,-326945.141804,4484684.86784
68,-327373.719918,4482943.304280001
68,-327405.69935,4478295.59774
69,-327536.199308,4494548.51111
70,-326709.06728,4462806.27288
70,-326882.41935700004,4463251.97311
70,-326888.28680999996,4460604.00595
70,-326882.92833,4459594.96659
70,-326711.28055300005,4465406.59082
70,-326821.260665,4463369.532
71,-326816.912033,4471874.79766
71,-326755.193614,4471867.026880001
71,-326739.198645,4466383.7221800005
71,-326794.838715,4471894.67251
72,-326906.412362,4471926.98394
72,-326816.544067,4471931.19025
72,-326860.223345,4471910.85385
72,-326785.58018499997,4471925.09679
72,-326878.548267,4471926.929140001
72,-326758.393692,4471912.99651
73,-326699.207514,4472173.1362
73,-326837.876618,4472056.90494
73,-326860.30579699995,4471962.86532
73,-326754.959627,4472105.836209999
73,-326721.118243,4472257.950180001
74,-326760.978606,4472367.445590001
74,-326739.30197800003,4472548.00031
74,-326904.481799,4472387.215009999
74,-326728.746437,4472518.57173
74,-326801.362781,4472289.865180001
75,-326838.66422800004,4472619.481869999
75,-326820.175477,4472602.36323
75,-326744.345182,4472557.3385
75,-326890.540171,4472556.4521
75,-326900.808646,4472605.11129
76,-326880.801906,4472816.262569999
76,-326842.9173,4472642.36321
76,-326701.287946,4472781.99743
76,-326889.15979899996,4472626.81429
76,-326725.66001500003,4472632.22599
77,-326898.54181100003,4472950.96471
77,-326756.47094,4473735.15627
77,-326761.111625,4472827.455709999
77,-326902.184634,4472969.206130001
78,-326874.16513000004,4473761.16122
78,-326783.261171,4473840.4145
78,-326838.241813,4473863.67199
78,-326794.973733,4474058.53271
78,-326807.01230500004,4473767.54661
78,-326746.298155,4473790.29499
79,-326765.8116,4474310.4711
79,-326744.916897,4474569.17266
79,-326822.56049,4474667.79417
79,-326704.69908,4474741.72618
79,-326834.717882,4474335.48056
80,-326810.821919,4474982.01859
80,-326724.005933,4474949.751
80,-326894.23047199997,4474890.45759
80,-326733.566665,4474856.96794
80,-326879.652589,4474930.199659999
81,-326878.351202,4475247.14597
81,-326873.316139,4475358.67357
81,-326912.361702,4475113.88907
81,-326895.498471,4475314.35834
81,-326877.334461,4475390.76666
82,-326732.733249,4475440.024680001
82,-326847.980302,4475666.45249
82,-326824.144587,4476981.87693
82,-326846.747425,4475729.0594
82,-326876.59,4475448.13288
83,-326788.080509,4482565.22941
84,-326674.40596199996,4462924.39384
84,-326664.221323,4465974.65547
84,-326588.296575,4470906.72499
84,-326549.068306,4467840.06252
84,-326683.131921,4470911.72602
84,-326593.733863,4470933.48224
85,-326385.30197,4471647.896369999
85,-326593.535907,4471650.4094
85,-326693.187841,4471595.87308
85,-326449.979204,4471370.44804
85,-326636.112428,4471634.34377
86,-326583.487834,4471801.59822
86,-326433.605775,4471792.51629
86,-326454.786755,4471674.98634
86,-326458.154024,4471707.569569999
86,-326401.818702,4471677.52544
87,-326422.25123,4471891.52238
87,-326488.762104,4471885.58493
87,-326650.117506,4471895.924319999
87,-326467.79909499997,4471818.51572
88,-326687.942779,4471936.71048
88,-326682.89337600005,4471914.756130001
88,-326696.382824,4471932.52057
88,-326434.093188,4471903.440169999
88,-326675.438784,4471903.68985
88,-326664.72334699996,4471961.20225
89,-326563.57666900003,4472233.94481
89,-326498.060819,4472252.71803
89,-326520.854967,4472321.55774
89,-326646.749248,4472265.7655
89,-326689.511353,4472439.782930001
90,-326456.383716,4472802.86055
90,-326553.86097,4472590.51253
90,-326551.42008899996,4472574.288
90,-326584.897197,4472561.62019
90,-326554.082046,4473017.243319999
91,-326547.488352,4473619.15812
91,-326530.238868,4473572.5509
91,-326571.84519699996,4473604.0283
91,-326538.560388,4473652.4231
91,-326585.00604099996,4473518.13562
92,-326489.475224,4473701.90371
92,-326387.478418,4473672.03689
92,-326551.998591,4473712.46781
92,-326428.37794000003,4473656.2399699995
93,-326373.088463,4474073.26173
93,-326608.039864,4473745.564069999
93,-326696.077321,4474069.2128800005
93,-326395.112663,4473743.1601
93,-326551.024331,4473757.75526
93,-326376.28548099997,4473786.44745
94,-326375.223021,4474397.899130001
94,-326665.402752,4474134.11323
94,-326369.517405,4474309.18963
94,-326407.451914,4474358.8845
94,-326528.20304,4474280.16127
95,-326695.05758,4474722.98501
95,-326635.516171,4474638.62614
95,-326676.666533,4474683.68558
95,-326677.817311,4474770.433069999
95,-326684.11601500004,4474732.7124
96,-326575.931578,4483157.526459999
96,-326645.333663,4481759.901459999
96,-326412.11159,4480738.3269
96,-326375.573567,4479043.616719999
96,-326559.44327399996,4480971.1916
97,-326631.788197,4483308.875
98,-325616.650502,4459738.4683300005
98,-325865.482395,4463846.25422
98,-325591.26638600003,4460477.24036
98,-325501.381693,4463104.22815
98,-325692.31773400004,4459591.957330001
98,-325750.51543,4460709.503280001
98,-325981.204439,4461451.64465
99,-326086.51500300004,4464766.635290001
99,-325803.29186500004,4464322.28988
99,-325859.231976,4464007.00793
99,-326169.442411,4464029.8275
99,-326177.02355700004,4464143.17555
100,-325821.464933,4466848.85977
100,-325899.163996,4466504.68686
100,-326088.963499,4467698.5481
100,-325999.775913,4466859.927490001
100,-325555.753286,4467709.58598
101,-326096.716721,4470391.84604
101,-326200.94625599997,4469762.78912
101,-325740.4017,4470829.89359
101,-325776.380017,4467865.98378
101,-325628.762137,4470801.43991
102,-325551.872227,4470885.32989
102,-325849.108185,4470903.06411
102,-325692.97260700003,4471682.78168
102,-325557.466929,4470852.37608
102,-325530.386127,4471374.52119
103,-325863.922903,4471744.05062
103,-326089.027673,4471833.099359999
103,-326314.692098,4471844.93591
103,-325612.733215,4471780.2249
104,-326193.19474899996,4471917.82219
104,-326073.359091,4471883.64925
104,-326117.391235,4471994.45816
104,-325951.582718,4472021.71366
104,-326366.408002,4471864.1227
104,-326156.811587,4471862.25359
105,-326194.745669,4472036.71244
105,-325745.508684,4472414.80545
105,-326161.669092,4472036.47276
105,-325972.502766,4472338.26017
105,-325947.953843,4472147.58308
106,-325925.05260500003,4472915.3603300005
106,-326239.05205500004,4472583.689180001
106,-325708.25474400003,4472929.00635
106,-325982.44996999996,4472938.53579
106,-325846.181411,4472498.12911
107,-325986.95175999997,4472976.58182
107,-325929.949207,4473667.7539
107,-326088.826189,4472986.5914900005
107,-325509.627558,4473653.127230001
108,-325805.165833,4474502.64579
108,-325695.493562,4482898.09636
108,-325684.46906,4482600.26506
108,-325879.8084,4477072.11758
108,-326151.565742,4478933.364630001
108,-325713.168762,4482483.25796
109,-325730.794198,4483032.45523
109,-325725.055065,4483222.75527
109,-325960.882037,4483214.65348
109,-326098.646671,4483169.7037
109,-326012.029539,4482953.34674
110,-325877.55585,4483244.5609
110,-326074.543089,4483229.0119199995
110,-325755.880032,4483325.6357
110,-325989.50644699996,4483250.84536
110,-325900.865713,4483284.47205
111,-325824.130908,4483504.72736
112,-324517.204674,4461867.80954
112,-325295.771716,4463850.064259999
112,-325289.258425,4459738.7482900005
112,-324518.535423,4462037.80525
112,-324272.17541100003,4463833.94875
113,-324455.388029,4463865.611190001
113,-325098.914004,4463948.895719999
113,-324277.373709,4464834.41026
113,-324343.63264699996,4463850.097019999
113,-324270.049267,4464899.27382
114,-325408.225802,4468385.94718
114,-324447.987666,4467611.92893
114,-324856.970589,4468208.82583
114,-324327.153827,4468431.53145
114,-324329.271526,4468968.55217
115,-325435.77604699996,4470497.11998
115,-324322.597508,4470675.50359
115,-324855.77554400003,4470742.4982900005
115,-324793.59395300003,4470646.84235
115,-325392.500372,4469255.67595
116,-325144.369315,4470788.545
116,-325367.317554,4470887.38577
116,-324422.799957,4471655.07441
116,-325385.739624,4470812.61579
117,-324738.372748,4471690.65678
117,-325186.87564,4472444.17758
117,-324638.55810300005,4472240.439680001
117,-324486.51345100004,4472239.44673
117,-325201.44197399996,4471924.27223
117,-324926.448457,4472276.04281
118,-324463.48629699997,4472499.521869999
118,-324961.412081,4472676.34451
118,-325178.080502,4472607.09959
118,-324789.20979299996,4472470.73923
118,-325007.07868000004,4472644.34568
119,-324546.33173800004,4472780.23778
119,-324724.439659,4472789.21794
119,-324714.57355,4472776.42632
119,-324712.346379,4472755.57121
119,-324693.57168600004,4472773.56891
120,-325276.040049,4472892.0732
120,-325293.387985,4472891.89719
120,-324682.122929,4472791.12794
120,-324263.80552600004,4472848.38853
120,-324804.528406,4472890.43946
120,-324693.47599099996,4472795.85975
121,-324488.272323,4473317.34706
121,-325105.123215,4473147.8359900005
121,-325213.39827,4472904.17397
121,-325137.677745,4472954.55408
122,-325053.220725,4474434.83873
122,-325215.880475,4474845.24141
122,-325327.43337600003,4473631.17431
122,-325245.956358,4476147.71499
122,-325232.848696,4474888.8854
122,-324769.67545100005,4476322.75165
123,-324862.298329,4477282.22265
123,-324837.894547,4477281.05055
123,-324816.075508,4477498.348569999
123,-325249.409929,4476993.40137
123,-324469.637468,4476423.98776
124,-325362.43251,4478387.49643
124,-324778.313487,4477548.28204
124,-325071.15399099997,4477807.85633
124,-324676.455147,4477542.20643
124,-324730.539743,4478115.763780001
125,-324771.05822199996,4481552.451830001
126,-322457.72867,4460150.833269999
126,-323523.22778,4452004.08994
126,-323352.701301,4459788.329609999
126,-323588.074436,4458098.87701
126,-323603.35168200004,4458086.07927
126,-323225.266208,4458057.60174
127,-323836.62650199997,4461847.455630001
127,-322407.303181,4461292.07236
127,-322276.223557,4460330.06563
127,-322669.217261,4462671.70455
127,-322242.737596,4462140.0104
128,-324112.880161,4462992.75526
128,-322984.277081,4462819.34296
128,-323315.7478,4463771.66335
128,-322504.534523,4462842.2286
128,-322818.864414,4463106.68167
129,-323805.59989099996,4463808.60741
129,-322506.752718,4466956.694730001
129,-324206.327006,4465712.81825
129,-322943.22289699997,4466581.8395
129,-322558.572673,4466602.95653
130,-324076.329105,4467314.28914
130,-324026.689353,4468440.33446
130,-323262.02419,4468431.80729
130,-322109.922425,4467092.50202
130,-322932.301326,4467602.46567
131,-323987.456014,4469852.050430001
131,-322057.30038699997,4470490.04462
131,-323905.02404,4470500.664609999
131,-323949.64969299996,4470539.657930001
131,-322140.307446,4470481.294480001
132,-323116.223032,4470540.77794
132,-322991.952543,4470838.27568
132,-322708.277739,4470541.39111
132,-324099.083388,4470646.99546
133,-323911.89961900003,4471602.87892
133,-323864.14426599996,4471455.46394
133,-322912.466673,4471374.236830001
133,-322875.835221,4471604.426969999
133,-323821.583243,4472654.037269999
133,-322974.220567,4472670.63194
134,-322676.053433,4472738.94934
134,-322530.83032199997,4472727.24344
134,-322060.147894,4472671.85374
134,-323175.18042,4472745.104280001
134,-323768.499745,4472697.463930001
135,-323034.152842,4473232.04258
135,-323641.463461,4472804.4090599995
135,-324078.787327,4472827.35615
135,-323951.069656,4472788.5694
136,-322229.882601,4474183.27843
136,-322182.453223,4473327.49709
136,-323419.476259,4474085.938130001
136,-323203.943431,4473569.6654199995
137,-323637.814304,4474578.85718
137,-322538.764883,4474857.28615
137,-322076.170064,4474891.2649
137,-323838.633038,4474999.95645
137,-323886.474275,4475169.16065
137,-324201.52972399996,4474663.17846
138,-322989.149842,4475234.342540001
138,-322052.727174,4476785.3742
138,-324109.08688200003,4475732.88357
138,-322090.88435999997,4476629.9786
138,-322446.31365300005,4476644.71684
139,-323567.158185,4482147.70509
140,-320653.594286,4460876.14369
140,-320948.99984,4457845.472159999
140,-321891.479254,4458820.24933
140,-320806.884033,4457799.3496
140,-321474.253786,4458580.78216
140,-320788.553439,4458873.26944
141,-320340.359856,4463273.57453
141,-320095.496335,4463062.83367
141,-320067.57032,4462615.0011599995
141,-319907.834431,4463167.23579
141,-322033.77102800005,4463675.64774
142,-321426.573769,4464892.68672
142,-322029.17535100004,4467328.10882
142,-321092.963107,4466359.26119
142,-319784.424458,4466334.22985
142,-320699.308789,4467230.663480001
143,-319948.869974,4468822.67203
143,-319922.88603600004,4469012.98332
143,-320949.676175,4468112.96142
143,-320874.261763,4468875.25512
144,-319935.91308699996,4469237.6731900005
144,-320801.055415,4469514.65419
144,-320398.07726,4469580.96451
144,-320892.15493099997,4469626.17461
144,-321252.618509,4469184.5653
144,-321005.566412,4469226.24344
145,-320114.64984800003,4470316.26452
145,-320649.647237,4470375.64372
145,-320046.41305,4470179.915
145,-320368.865436,4470330.54266
145,-319841.844633,4470189.2904900005
146,-319874.737757,4470411.09241
146,-321944.804302,4470410.23176
146,-320849.550802,4470421.123269999
146,-321263.206792,4470383.08044
146,-320962.257918,4470395.93626
147,-321852.610271,4470493.23773
147,-321763.259656,4470471.01718
147,-319819.030125,4470738.054269999
147,-319760.389015,4471157.81708
147,-321834.010977,4470752.9333
147,-320623.901993,4471244.22241
148,-321777.318918,4472096.71767
148,-320107.64657399995,4472528.19752
148,-320505.718735,4472558.27441
148,-320341.963514,4472563.48429
148,-321799.477893,4472156.04815
149,-321002.997904,4473349.65176
149,-320419.951846,4473121.0451
149,-321224.572399,4473295.29464
149,-321847.582396,4472646.120180001
150,-320405.680876,4473518.49489
150,-321206.48624299996,4474504.4095
150,-319920.800006,4473703.2966
150,-321158.368192,4475113.291669999
150,-321495.747072,4474878.38132
150,-321614.47962600004,4473604.644169999
151,-319926.363423,4476585.753740001
151,-319862.385211,4476854.81994
151,-321549.717217,4476545.10215
151,-321768.080981,4476547.837069999
151,-320170.601164,4475354.15657
152,-319763.625824,4479836.88245
152,-321009.226254,4477556.50418
152,-319772.152194,4479848.39654
152,-319796.852727,4479871.13099
152,-320962.56266999996,4505924.34777
153,-319837.297379,4519077.75801
154,-318590.55443099997,4459746.85069
154,-319395.757705,4431986.4538199995
154,-319019.209712,4463725.01369
154,-319031.77933,4462641.0819
154,-318763.940887,4462345.2489599995
154,-318672.54264,4454784.949080001
155,-318731.384098,4466238.31241
155,-319086.47524,4465170.72557
155,-318648.602893,4466478.55006
155,-318659.34721599997,4466449.759740001
155,-319028.162066,4466235.53108
156,-319487.49913400004,4466672.7663
156,-318994.049948,4466626.638780001
156,-319539.532917,4466970.96376
156,-319484.958005,4466599.40759
157,-319316.510788,4469406.75406
157,-319039.833354,4468757.300480001
157,-319041.149717,4468761.94747
157,-319362.281362,4469319.48867
157,-319552.843715,4469311.24484
157,-319025.976446,4468760.41592
158,-319289.233955,4469417.76046
158,-319290.156637,4470106.1347900005
158,-319294.37945500005,4469742.74839
158,-318707.17599200003,4470245.40971
158,-319325.899018,4469426.46522
159,-319150.51333600003,4470415.08515
159,-319189.118452,4470600.01091
159,-319230.31698299997,4470643.55457
159,-318889.21801199997,4470540.35615
159,-319240.20541399997,4470319.06986
160,-319131.878884,4471305.952190001
160,-319191.5471,4471139.22859
160,-318641.472524,4471512.6802900005
160,-319265.729725,4471140.6308699995
161,-319153.137724,4471557.24038
161,-319184.902955,4472459.54898
161,-319094.837619,4472035.5935
161,-319440.187613,4472472.5011
161,-319200.901317,4472443.830130001
162,-319587.36799400003,4472522.7119
162,-318895.07097600005,4472979.5599
162,-319655.317629,4472564.6612
162,-319019.576244,4473087.774069999
162,-319055.58063000004,4472705.64943
163,-318986.44177800004,4473243.0732
163,-318956.6038,4473385.5544300005
163,-319050.648422,4473471.09678
163,-318987.36009000003,4473379.8829
164,-319418.36646399996,4474111.127640001
164,-319055.820832,4473471.320280001
164,-319461.343553,4473898.00036
164,-318558.399574,4477316.39178
164,-319505.713591,4473761.37612
164,-319118.632226,4477043.4615
165,-319218.11816799996,4479741.38145
165,-319542.590041,4479840.08225
165,-319085.644666,4480136.89506
165,-319624.29402,4477796.754380001
165,-319545.052047,4479682.23561
166,-319094.755274,4481218.54905
166,-319117.390618,4480700.600769999
166,-319246.044006,4481367.6731
166,-318700.03360100003,4482056.94041
166,-318786.655944,4480612.83866
167,-319493.750384,4518781.57412
168,-317504.529042,4460217.229280001
168,-316735.83476399997,4457680.924819999
168,-318495.426638,4460987.775669999
168,-317157.561435,4457121.82491
168,-317364.39400100004,4458900.67357
168,-317522.101667,4459603.5524699995
169,-317230.556658,4462998.120709999
169,-316987.774666,4462118.43471
169,-317646.728396,4462749.0489300005
169,-316967.727955,4461941.17292
169,-317132.52270900004,4461307.13379
170,-316867.61799899995,4463300.69199
170,-317528.52839,4464424.64949
170,-316524.300467,4463106.251
170,-316843.247117,4464009.45324
170,-316832.171464,4463551.51776
171,-316641.931797,4464936.23504
171,-316466.56001300004,4466360.71025
171,-316648.911321,4465056.69477
171,-318146.973249,4466134.35436
171,-316509.148389,4466209.4721800005
172,-316372.015953,4468361.76129
172,-317519.693736,4468050.21444
172,-316323.683709,4467766.15651
172,-317548.892719,4467844.30644
172,-317679.156632,4467946.03615
173,-317793.76128800004,4469067.955519999
173,-318438.039344,4468744.13892
173,-318490.51545,4468963.7740400005
173,-317129.342939,4469026.30143
174,-318169.729348,4469284.31238
174,-317514.115959,4469456.58523
174,-318436.428358,4469717.33725
174,-317885.931989,4470116.93474
174,-317738.32833600004,4469202.26211
174,-317224.121368,4470511.38247
175,-317468.276658,4470703.8622
175,-316461.236278,4471253.34947
175,-316921.536386,4470819.49999
175,-318104.6857,4471005.46681
175,-316896.29449899995,4470854.46159
176,-316371.85096999997,4471515.27831
176,-316419.57485,4471421.574519999
176,-316722.695709,4471486.205519999
176,-316364.997129,4471497.22735
176,-316787.114456,4471523.94181
177,-316335.902871,4471587.39729
177,-316330.87827399996,4471570.3356800005
177,-317019.14429699996,4471796.63769
177,-317399.851259,4471979.83391
177,-316441.994778,4472009.74669
178,-317779.532764,4472247.318080001
178,-316438.383013,4472190.53086
178,-316752.674052,4472812.08262
178,-316457.735403,4472145.3312099995
179,-317472.44228099997,4476789.622140001
179,-317063.463098,4475808.31486
179,-316618.476405,4472963.52773
179,-317335.538333,4476773.46128
179,-317701.42102199997,4473812.43284
179,-316594.999195,4473641.79149
180,-318159.000565,4481857.68127
180,-318278.230443,4477146.89867
180,-318233.28598000004,4481823.75137
180,-317771.132079,4486903.16646
180,-318163.753171,4481941.306369999
181,-316744.416938,4493495.45108
182,-315116.358465,4428601.690880001
182,-315333.50694,4449567.42439
182,-314835.316929,4445218.33085
182,-312508.588507,4449187.401330001
182,-313615.655889,4457822.048780001
182,-315905.875177,4450377.31946
183,-314569.965165,4458517.24753
183,-314481.200336,4458216.90453
183,-315020.26696700003,4458792.453369999
183,-314205.63203800004,4458651.836130001
183,-314443.498202,4458346.9330400005
184,-315465.722156,4463037.88536
184,-315654.851011,4463065.12427
184,-315399.530783,4463251.54934
184,-315423.097832,4463049.62082
184,-314336.08623,4462704.199469999
185,-312715.539711,4463560.56539
185,-314717.936224,4463718.04205
185,-315300.00937399996,4464261.70034
185,-315261.627009,4464295.28429
185,-315306.308898,4464070.40973
186,-315112.64818099997,4465312.94168
186,-315260.076673,4465248.77207
186,-312885.533476,4465215.99663
186,-315209.211732,4465229.28536
186,-315175.625092,4465196.66321
187,-314125.38482,4465741.10783
187,-314559.528715,4465756.540030001
187,-315121.166321,4465356.982
187,-315140.214498,4465419.94634
187,-314576.870314,4465430.432709999
188,-313940.84329499997,4467229.48055
188,-313035.598896,4468456.0994
188,-313059.29107399995,4468090.83019
188,-314074.153482,4466189.77587
189,-315947.387017,4469674.403
189,-316288.173552,4469345.00249
189,-313594.49312600004,4469984.501619999
189,-313574.444897,4469996.11228
189,-314417.558968,4469035.08725
189,-313679.43764200003,4469585.85238
190,-313619.59668,4470115.78157
190,-313492.994488,4471479.33495
190,-315521.226154,4470203.003409999
190,-313091.917628,4471429.94675
190,-313516.745404,4471270.11314
191,-315153.715154,4471601.37254
191,-312365.900325,4471653.087590001
191,-316307.784929,4471619.93932
191,-315841.084113,4471768.23946
191,-316227.21838800004,4471735.42803
192,-313354.60852,4472037.16807
192,-312915.697865,4472346.91306
192,-315703.863235,4472576.50661
192,-315779.6403,4473008.740780001
193,-315833.763457,4473975.40165
193,-316226.532166,4474594.28394
193,-315173.507669,4473358.963140001
193,-315627.367606,4475061.61642
193,-315188.569908,4473544.813130001
193,-315487.083378,4473458.25895
194,-314216.38827399997,4477149.25298
194,-314473.384866,4477009.6316
194,-315044.43768000003,4475446.23905
194,-314239.708357,4477199.86146
194,-313235.61653,4479701.68295
195,-312849.890803,4483340.889690001
196,-254743.73360300003,4442493.96292
196,-310608.448553,4451201.17407
196,-310142.55323200003,4451809.777319999
196,-311930.78931100003,4404550.93091
196,-302983.879256,4432840.18107
196,-303018.098617,4419317.63888
197,-304818.710293,4461950.18399
197,-302191.06213800004,4462445.1351
197,-303651.820046,4461664.09313
197,-288054.349864,4464526.8043599995
197,-308270.698487,4462348.87488
198,-286681.094185,4464982.42516
198,-305622.435523,4465868.24417
198,-288210.018059,4464581.71756
198,-286976.384431,4464672.08099
199,-311702.27862399997,4471591.54994
199,-310583.835858,4468974.40302
199,-311804.665009,4471806.63596
199,-295106.957825,4469730.036069999
199,-296242.74221500003,4472462.40989
200,-301931.04631199996,4474570.95031
200,-281629.65533800004,4476144.44451
200,-311266.958429,4473263.51342
200,-268526.164114,4475811.58366
200,-311806.70461,4473495.38332
200,-311629.202368,4473667.04076
201,-304560.104183,4476153.63353
201,-306228.818012,4478120.30351
201,-302671.451125,4478787.29141
201,-276595.641515,4476170.817980001
201,-302970.881544,4476394.80973
202,-305648.804864,4479661.770769999
202,-258224.01100100004,4483716.5738699995
202,-305606.79163600004,4479972.76035
202,-306493.43293899996,4481606.8131099995
202,-311582.049967,4484976.5372
203,-303483.000294,4485329.965419999
203,-306247.755007,4488286.92989
203,-293708.406113,4490109.72461
203,-245977.33523899998,4486014.50295
203,-276432.686431,4486527.57862
204,-311901.406508,4490141.1166199995
204,-310698.15246300003,4494857.5470900005
204,-252324.70529299998,4495212.80998
204,-283815.378886,4490604.57804
204,-287784.77266300004,4494994.57522
205,-306049.737754,4499984.2805699995
205,-305754.08577600005,4500179.651330001
205,-303221.77140300005,4501131.93294
205,-303816.681798,4500946.24211
205,-297327.6379,4502278.8471
206,-297991.371233,4512190.36063
206,-291880.036852,4507745.30233
206,-302804.441679,4504706.53048
206,-293422.915643,4511697.80764
206,-277877.006066,4508482.6692
207,-266710.161115,4513844.94266
207,-300624.892487,4512750.2899
207,-279321.09568200004,4514527.388169999
207,-292327.832577,4519464.34809
207,-264280.00748699997,4518953.64065
208,-285167.640731,4537173.59059
