"metric","C1","C2","C4","C8","desc","min","max","range","sd","index"
"bpred_power_cc2",8615323.2321,8615323.2321,8615323.2324,8615323.2324," total power usage of bpred unit_cc2",8615323.2321,8615323.2324,0.000299999490380287,0.000173204786531148,0.577350269200754
"dl1.miss_rate",0.0048,0.0048,0.0047,0.0047," miss rate (i.e., misses/ref)",0.0047,0.0048,9.99999999999994e-05,5.77350269189622e-05,0.577350269189626
"ul2.misses",9386,9386,9390,9390," total number of misses",9386,9390,4,2.3094010767585,0.577350269189626
"ul2.replacements",5313,5313,5317,5317," total number of replacements",5313,5317,4,2.3094010767585,0.577350269189626
"dcache2_power_cc1",274298.3319,274464.5912,272972.4669,272913.5395," total power usage of dcache2_cc1",272913.5395,274464.5912,1551.05170000001,833.610564819959,0.537448600082095
"lsq_full",0.2246,0.2142,0.1021,0.1115," fraction of time (cycle's) LSQ was full",0.1021,0.2246,0.1225,0.0652610654729653,0.532743391616043
"total_lsq_access",9327151,9370290,9168090,9162662," total number accesses of load/store queue",9162662,9370290,207628,107331.921211337,0.516943385339824
"dl1.hits",8756309,8822916,9054398,9060724," total number of hits",8756309,9060724,304415,157093.023412616,0.516048891850322
"dl1.accesses",8798722,8865370,9096870,9103196," total number of accesses",8798722,9103196,304474,157117.810637963,0.516030303533184
"total_dcache_access",8798722,8865370,9096870,9103196," total number accesses of dcache",8798722,9103196,304474,157117.810637963,0.516030303533184
"dcache_power_cc2",26769699.3437,26972472.7602,27676800.6611,27696047.2198," total power usage of dcache_cc2",26769699.3437,27696047.2198,926347.8761,478023.575657824,0.516030303507946
"rename_power_cc3",2867854.3044,2853896.389,2919491.5165,2926638.9562," total power usage of rename unit_cc3",2853896.389,2926638.9562,72742.5671999999,36471.6192080387,0.501379324539961
"dispatch_stage_power_cc3",2867854.3044,2853896.389,2919491.5165,2926638.9562," total power usage of dispatch stage_cc3",2853896.389,2926638.9562,72742.5671999999,36471.6192080387,0.501379324539961
"bpred_bimod.bpred_jr_rate",0.9994,0.9993,0.9993,0.9993," JR address-prediction rate (i.e., JR addr-hits/JRs seen)",0.9993,0.9994,9.9999999999989e-05,4.99999999999945e-05,0.5
"bpred_bimod.ras_rate.PP",0.9995,0.9994,0.9994,0.9994," RAS prediction rate (i.e., RAS hits/used RAS)",0.9994,0.9995,0.0001000000000001,5.000000000005e-05,0.5
"il1.miss_rate",9e-04,8e-04,8e-04,8e-04," miss rate (i.e., misses/ref)",8e-04,9e-04,9.99999999999999e-05,5e-05,0.5
"ul2.miss_rate",0.1239,0.1238,0.1238,0.1238," miss rate (i.e., misses/ref)",0.1238,0.1239,0.000100000000000003,5.00000000000014e-05,0.5
"max_lsq_access",4,5,5,5," max number accesses of load/store queue",4,5,1,0.5,0.5
"max_dcache_access",3,4,4,4," max number accesses of dcache",3,4,1,0.5,0.5
"bpred_bimod.retstack_pushes",338487,341526,341568,341568," total number of address pushed onto ret-addr stack",338487,341568,3081,1533.62780686841,0.497769492654465
"bpred_bimod.dir_hits",3660725,3660842,3660841,3660841," total number of direction-predicted hits (includes addr-hits)",3660725,3660842,117,58.1685768549767,0.49716732354681
"bpred_bimod.misses",148730,148613,148614,148614," total number of misses",148613,148730,117,58.1685768549767,0.49716732354681
"sim_total_stores",2552676,2604379,2690911,2691088," total number of stores executed",2552676,2691088,138412,68280.2229858691,0.493311439657465
"lsq_occupancy",5.3945,5.1604,4.6358,4.588," avg LSQ occupancy (insn's)",4.588,5.3945,0.8065,0.396442777501789,0.491559550529187
"dcache_power_cc3",37738723.1675,31651741.3443,31290736.6332,31319465.9099," total power usage of dcache_cc3",31290736.6332,37738723.1675,6447986.5343,3163282.82193796,0.49058458871012
"avg_resultbus_power_cc1",1.5281,1.7332,1.5798,1.7679," avg power usage of resultbus_cc1",1.5281,1.7679,0.2398,0.116318599831096,0.48506505350749
"sim_total_refs",9106134,9287183,9506933,9507115," total number of loads and stores executed",9106134,9507115,400981,193835.093445219,0.483402189742703
"bpred_bimod.lookups",3927736,4023913,4137659,4138016," total number of bpred lookups",3927736,4138016,210280,101445.03200913,0.482428343204916
"sim_total_branches",3814917,3922004,4040195,4040196," total number of branches executed",3814917,4040196,225279,108361.621450278,0.481010753111821
"mem.ptab_misses",456811,456755,456695,456695," total first level page table misses",456695,456811,116,55.7135531087365,0.480289250937383
"sim_total_loads",6553458,6682804,6816022,6816027," total number of loads executed",6553458,6816027,262569,125866.372544788,0.479364938529636
"rename_power_cc2",2709765.7554,2773247.1896,2837044.3968,2837103.0164," total power usage of rename unit_cc2",2709765.7554,2837103.0164,127337.261,60959.123450876,0.478721805166486
"dispatch_stage_power_cc2",2709765.7554,2773247.1896,2837044.3968,2837103.0164," total power usage of dispatch stage_cc2",2709765.7554,2837103.0164,127337.261,60959.123450876,0.478721805166486
"sim_total_insn",25932914,26540442,27150992,27151553," total number of instructions executed",25932914,27151553,1218639,583389.061771173,0.478721805039206
"total_rename_access",25932914,26540442,27150992,27151553," total number accesses of rename unit",25932914,27151553,1218639,583389.061771173,0.478721805039206
"dl1.repl_rate",0.0048,0.0047,0.0046,0.0046," replacement rate (i.e., repls/ref)",0.0046,0.0048,2e-04,9.57427107756337e-05,0.478713553878169
"avg_regfile_power_cc1",2.8209,2.9606,2.5934,2.5659," avg power usage of arch. regfile_cc1",2.5659,2.9606,0.3947,0.188785045311681,0.478300089464608
"total_icache_access",26537099,27126472,27702538,27703026," total number accesses of icache",26537099,27703026,1165927,557469.068992098,0.47813376737317
"il1.hits",26513634,27103024,27679103,27679591," total number of hits",26513634,27679591,1165957,557483.261765469,0.478133637660282
"il1.accesses",26536438,27125835,27701912,27702400," total number of accesses",26536438,27702400,1165962,557485.276414469,0.478133315163332
"itlb.accesses",26536438,27125835,27701912,27702400," total number of accesses",26536438,27702400,1165962,557485.276414469,0.478133315163332
"itlb.hits",26536418,27125815,27701892,27702380," total number of hits",26536418,27702380,1165962,557485.276414469,0.478133315163332
"mem.ptab_accesses",187427550,189098740,190727832,190728828," total page table accesses",187427550,190728828,3301278,1578350.99479203,0.478103023977997
"IFQ_fcount",24868220,11788722,9467290,9634087," cumulative IFQ full count",9467290,24868220,15400930,7362065.1587018,0.478027311253398
"max_cycle_power_cc1",51.0208,53.478,56.3013,56.214," maximum cycle power usage of cc1",51.0208,56.3013,5.2805,2.52248519173057,0.477698170955509
"avg_total_power_cycle_cc1",25.7363,30.902,31.6519,31.4946," average total power per cycle_cc1",25.7363,31.6519,5.9156,2.82511160251532,0.477569748210717
"alu_power_cc3",70872496.0303,53014171.9947,49625695.7796,49867407.133," total power usage of alu_cc3",49625695.7796,70872496.0303,21246800.2507,10136577.0947372,0.477087230789173
"fetch_stage_power_cc2",64345197.0155,39444313.5104,33526941.8149,33523662.344," total power usage of fetch stage_cc2",33523662.344,64345197.0155,30821534.6715,14690856.740453,0.476642610338198
"icache_power_cc1",55729873.7834,30828990.2783,24911618.5825,24908339.1116," total power usage of icache_cc1",24908339.1116,55729873.7834,30821534.6718,14690856.7405781,0.476642610337616
"icache_power_cc2",55729873.7834,30828990.2783,24911618.5825,24908339.1116," total power usage of icache_cc2",24908339.1116,55729873.7834,30821534.6718,14690856.7405781,0.476642610337616
"icache_power_cc3",56584234.1467,31254880.5931,25338760.9913,25377497.14," total power usage of icache_cc3",25338760.9913,56584234.1467,31245473.1554,14892005.0884141,0.476613204554414
"rename_power_cc1",9264785.5665,5114328.933,4099950.103,4099406.7478," total power usage of rename unit_cc1",4099406.7478,9264785.5665,5165378.8187,2460385.90672724,0.476322452444341
"dispatch_stage_power_cc1",9264785.5665,5114328.933,4099950.103,4099406.7478," total power usage of dispatch stage_cc1",4099406.7478,9264785.5665,5165378.8187,2460385.90672724,0.476322452444341
"dcache2_power_cc3",11054075.0375,6094625.4108,5091397.1925,5162245.1079," total power usage of dcache2_cc3",5091397.1925,11054075.0375,5962677.845,2839368.28239289,0.476190120647527
"dcache2_power",109220655.9872,59625258.9432,49591078.4672,50299481.8572," total power usage of dcache2",49591078.4672,109220655.9872,59629577.52,28394910.6582341,0.476188358851114
"regfile_power",92701092.6781,50606971.7858,42090455.5104,42691713.2828," total power usage of arch. regfile",42090455.5104,92701092.6781,50610637.1677,24100196.2531196,0.476188358847623
"clock_power",677196114.3601,369691916.9735,307477421.2939,311869704.2262," total power usage of clock",307477421.2939,677196114.3601,369718693.0662,176055737.685375,0.476188358844628
"dcache_power",157895553.3792,86197644.3557,71691665.9329,72715773.912," total power usage of dcache",71691665.9329,157895553.3792,86203887.4463,41049287.6887992,0.476188358841363
"total_power",1862812130.1265,1016938185.0064,845800290.3778,857882459.4197," total power per cycle",845800290.3778,1862812130.1265,1017011839.7487,484289198.88822,0.476188358837481
"issue_stage_power",900426416.1613,491556819.1977,408833994.5634,414674145.5891," total power usage of issue stage",408833994.5634,900426416.1613,491592421.5979,234090588.455338,0.476188358832784
"rename_power",10845671.0554,5920820.9252,4924421.2986,4994766.1439," total power usage of rename unit",4924421.2986,10845671.0554,5921249.7568,2819630.20391368,0.476188358830092
"dispatch_stage_power",10845671.0554,5920820.9252,4924421.2986,4994766.1439," total power usage of dispatch stage",4924421.2986,10845671.0554,5921249.7568,2819630.20391368,0.476188358830092
"window_power",57199276.1832,31225976.6715,25971037.8913,26342031.4622," total power usage of instruction window",25971037.8913,57199276.1832,31228238.2919,14870523.5413681,0.476188358829874
"icache_power",64273477.446,35087893.4356,29183042.6802,29599919.4049," total power usage of icache",29183042.6802,64273477.446,35090434.7658,16709656.5417508,0.476188358829809
"bpred_power",117369358.4256,64073762.6886,53290955.0315,54052210.7729," total power usage of bpred unit",53290955.0315,117369358.4256,64078403.3941,30513389.7486626,0.476188358829679
"falu_power",370574893.9597,202302612.2087,168257629.2593,170661171.9692," total power usage of falu",168257629.2593,370574893.9597,202317264.7004,96341126.2405831,0.476188358829629
"sim_cycle",25948724,14165813,11781885,11950188," total simulation time in cycles",11781885,25948724,14166839,6746083.81321314,0.476188358829598
"alu_power",491499332.7219,268317148.7341,223162750.3422,226350606.9858," total power usage of alu",223162750.3422,491499332.7219,268336582.3797,127778756.777319,0.476188358829546
"fetch_stage_power",181642835.8716,99161656.1241,82473997.7116,83652130.1778," total power usage of fetch stage",82473997.7116,181642835.8716,99168838.16,47223046.2904429,0.476188358829542
"lsq_power",24993291.6491,13644227.5862,11348075.8463,11510181.9277," total power usage of load/store queue",11348075.8463,24993291.6491,13645215.8028,6497692.91899657,0.476188358828538
"resultbus_power",59618306.2406,32546562.907,27069386.0835,27456069.4443," total power usage of resultbus",27069386.0835,59618306.2406,32548920.1571,15499416.8705526,0.476188358807095
"bpred_bimod.retstack_pops",323782,324552,325229,325229," total number of address popped off of ret-addr stack",323782,325229,1447,689.031687708676,0.476179466281048
"sim_CPI",1.0085,0.5506,0.4579,0.4645," cycles per instruction",0.4579,1.0085,0.5506,0.262173420658922,0.476159499925394
"avg_total_power_insn_nofp_nod2",53.3306,28.4475,23.1281,23.458," average total power per insn",23.1281,53.3306,30.2025,14.3673004401198,0.475699046109421
"avg_total_power_insn",71.832,38.3166,31.1517,31.5961," average total power per insn",31.1517,71.832,40.6803,19.3515608708962,0.475698578203607
"ul2.hits",66372,66422,66435,66435," total number of hits",66372,66435,63,29.9666481275434,0.475661081389578
"IFQ_count",100712336,52077241,41933873,42735284," cumulative IFQ occupancy",41933873,100712336,58778463,27947005.0146646,0.475463351511329
"RUU_count",397950483,206318273,160939115,159824970," cumulative RUU occupancy",159824970,397950483,238125513,113219252.240932,0.475460402434626
"fetch_stage_power_cc3",75213428.5778,44557500.7119,37708124.4408,38080371.9572," total power usage of fetch stage_cc3",37708124.4408,75213428.5778,37505304.137,17828589.7884511,0.475361824112305
"ruu_latency",15.3454,7.7737,5.9276,5.8864," avg RUU occupant latency (cycle's)",5.8864,15.3454,9.459,4.49508956779506,0.475218264911202
"ifq_latency",3.8836,1.9622,1.5445,1.574," avg IFQ occupant latency (cycle's)",1.5445,3.8836,2.3391,1.11143532237973,0.475155111957475
"sim_slip",572370968,311780226,245835697,244831436," total number of slip cycles",244831436,572370968,327539532,155629579.711352,0.475147469256786
"avg_sim_slip",22.246,12.1178,9.5548,9.5157," the average slip between issue and retirement",9.5157,22.246,12.7303,6.0487529912509,0.475146146693393
"total_window_access",106339570,101024724,99530743,99525401," total number accesses of instruction window",99525401,106339570,6814169,3234199.92043189,0.474628662780728
"LSQ_count",139979840,73101096,54618725,54827987," cumulative LSQ occupancy",54618725,139979840,85361115,40502749.6631263,0.474487120548113
"alu_power_cc1",115711928.7071,76465552.4568,67957703.8125,68730185.8278," total power usage of alu_cc1",67957703.8125,115711928.7071,47754224.8946,22658413.3048928,0.474479762888058
"lsq_latency",5.3978,2.7543,2.0117,2.0193," avg LSQ occupant latency (cycle's)",2.0117,5.3978,3.3861,1.60623175035028,0.474360399973504
"lsq_power_cc3",4327054.9819,3300431.4916,3059552.3077,3075519.6794," total power usage of lsq_cc3",3059552.3077,4327054.9819,1267502.6742,601090.848292093,0.474232410335133
"dtlb.accesses",9062910,9116518,9130335,9130783," total number of accesses",9062910,9130783,67873,32173.0902515337,0.474018980324042
"dtlb.hits",9062827,9116435,9130252,9130700," total number of hits",9062827,9130700,67873,32173.0902515337,0.474018980324042
"ifq_full",0.9584,0.8322,0.8035,0.8062," fraction of time (cycle's) IFQ was full",0.8035,0.9584,0.1549,0.0733668124335974,0.473639847860539
"clock_power_cc1",256668998.2879,170726992.3432,146979492.5065,147693973.5703," total power usage of clock_cc1",146979492.5065,256668998.2879,109689505.7814,51952178.5411397,0.473629434019651
"dcache2_power_cc2",159436.3263,159541.5537,159577.331,159577.331," total power usage of dcache2_cc2",159436.3263,159577.331,141.00470000002,66.7067506238649,0.473081752763246
"ul2.accesses",75758,75808,75825,75825," total number of accesses",75758,75825,67,31.6964771964751,0.473081749201121
"total_dcache2_access",75758,75808,75825,75825," total number accesses of dcache2",75758,75825,67,31.6964771964751,0.473081749201121
"total_power_cycle_cc1",667824822.4294,437752517.902,372919254.8119,376366283.7743," total power per cycle_cc1",372919254.8119,667824822.4294,294905567.6175,139294096.138731,0.472334575654398
"total_regfile_access",43080349,36333917,33827079,33821849," total number accesses of arch. regfile",33821849,43080349,9258500,4372755.82843447,0.472296357772261
"window_power_cc1",47370707.9952,26694681.8867,22871153.4165,23815786.8777," total power usage of instruction window_cc1",22871153.4165,47370707.9952,24499554.5787,11569933.2966135,0.472250761108628
"regfile_power_cc1",73198459.5158,41939937.6619,30555216.861,30662768.1288," total power usage of arch. regfile_cc1",30555216.861,73198459.5158,42643242.6548,20127974.6498187,0.472008538674135
"avg_total_power_insn_cc1",25.752,16.4938,13.735,13.8617," average total power per insn_cc1",13.735,25.752,12.017,5.67198356742742,0.471996635385489
"lsq_power_cc1",4499385.2518,3732928.5988,3452401.734,3448692.0452," total power usage of lsq_cc1",3448692.0452,4499385.2518,1050693.2066,495570.883252851,0.471660880778413
"dl1.misses",42413,42454,42472,42472," total number of misses",42413,42472,59,27.8253481559531,0.471616070439882
"dl1.replacements",41901,41942,41960,41960," total number of replacements",41901,41960,59,27.8253481559531,0.471616070439882
"bpred_bimod.jr_hits",329064,329035,329020,329020," total number of address-predicted hits for JR's",329020,329064,44,20.7424685126915,0.471419738924808
"bpred_bimod.ras_hits.PP",322778,322749,322734,322734," total number of RAS hits",322734,322778,44,20.7424685126915,0.471419738924808
"bpred_power_cc1",17230646.4642,17200793.83,15750659.1534,13730884.2004," total power usage of bpred unit_cc1",13730884.2004,17230646.4642,3499762.2638,1649804.12477893,0.471404627063895
"dl1.writebacks",10541,10543,10544,10544," total number of writebacks",10541,10544,3,1.4142135623731,0.471404520791032
"alu_power_cc2",33293755.6429,33829012.3642,34105191.1246,34105365.0151," total power usage of alu_cc2",33293755.6429,34105365.0151,811609.372200001,382566.181343706,0.471367377518937
"avg_dcache_power_cc1",1.8584,2.8393,3.1791,3.1695," avg power usage of dcache_cc1",1.8584,3.1791,1.3207,0.622493959140703,0.471336381570911
"total_resultbus_access",28470713,28835948,29035000,29034603," total number accesses of resultbus",28470713,29035000,564287,265968.986448922,0.471336370408891
"total_alu_access",25769083,26166855,26372370,26371999," total number accesses of alu",25769083,26372370,603287,284312.926926623,0.471273087148609
"total_power_cycle_cc3",454871255.5014,318706967.9634,281487189.8581,278526670.527," total power per cycle_cc3",278526670.527,454871255.5014,176344584.9744,83020425.6636682,0.470785228113017
"avg_total_power_insn_cc3",17.5403,12.0084,10.3675,10.2582," average total power per insn_cc3",10.2582,17.5403,7.2821,3.42597500963837,0.470465251732107
"avg_clock_power_cc1",9.8914,12.052,12.475,12.3591," avg power usage of clock_cc1",9.8914,12.475,2.5836,1.21516106031258,0.470336375720925
"bpred_power_cc3",18629194.4312,13302620.1187,12369363.4496,12702874.8172," total power usage of bpred unit_cc3",12369363.4496,18629194.4312,6259830.9816,2944217.98136442,0.470335060166733
"avg_alu_power_cc1",4.4593,5.3979,5.768,5.7514," avg power usage of alu_cc1",4.4593,5.768,1.3087,0.614098246754269,0.469242948539978
"avg_issue_power_cc2",3.7702,6.9559,8.2533,8.3131," average power of issue unit per cycle_cc2",3.7702,8.3131,4.5429,2.1294292104928,0.468737856984042
"avg_dcache2_power_cc2",0.0061,0.0113,0.0135,0.0134," avg power usage of dcache2_cc2",0.0061,0.0135,0.0074,0.00346830890588867,0.468690392687658
"avg_issue_power_cc3",6.1971,9.168,10.3999,10.4579," average power of issue unit per cycle_cc3",6.1971,10.4579,4.2608,1.99643379784221,0.4685584392232
"avg_fetch_power_cc3",2.8985,3.1454,3.2005,3.1866," average power of fetch unit per cycle_cc3",2.8985,3.2005,0.302,0.141448424051548,0.468372265071352
"avg_dcache2_power_cc3",0.426,0.4302,0.4321,0.432," avg power usage of dcache2_cc3",0.426,0.4321,0.00609999999999999,0.00285350661467606,0.467787969619026
"clock_power_cc3",171261343.1471,122495429.9188,109362435.4049,107462727.977," total power usage of clock_cc3",107462727.977,171261343.1471,63798615.1701,29835547.7732725,0.4676519653871
"max_cycle_power_cc2",28.3208,31.5262,35.4247,34.9769," maximum cycle power usage of cc2",28.3208,35.4247,7.1039,3.32101652560377,0.467492015034526
"lsq_power_cc2",2295708.3565,2322169.8233,2282974.0551,2282254.1438," total power usage of lsq_cc2",2282254.1438,2322169.8233,39915.6794999996,18649.1185755633,0.467212854927435
"issue_stage_power_cc1",255732058.8116,171941474.8556,150622317.6055,155270912.0153," total power usage of issue stage_cc1",150622317.6055,255732058.8116,105109741.2061,49087833.8907091,0.467015077075086
"avg_rename_power_cc3",0.1105,0.2015,0.2478,0.2449," avg power usage of rename unit_cc3",0.1105,0.2478,0.1373,0.0640516133026067,0.466508472706531
"avg_dispatch_power_cc3",0.1105,0.2015,0.2478,0.2449," average power of dispatch unit per cycle_cc3",0.1105,0.2478,0.1373,0.0640516133026067,0.466508472706531
"avg_lsq_power_cc3",0.1668,0.233,0.2597,0.2574," avg power usage of instruction lsq_cc3",0.1668,0.2597,0.0929,0.0433346954914112,0.466466044041025
"avg_window_power_cc3",0.8489,1.5023,1.7388,1.7629," avg power usage of instruction window_cc3",0.8489,1.7629,0.914,0.426094178752382,0.466186191195166
"avg_lsq_power_cc2",0.0885,0.1639,0.1938,0.191," avg power usage of instruction lsq_cc2",0.0885,0.1938,0.1053,0.0490881519988955,0.46617428299046
"avg_window_power_cc2",0.8366,1.4899,1.7242,1.7485," avg power usage of instruction window_cc2",0.8366,1.7485,0.9119,0.425103634423419,0.466173521683758
"avg_lsq_access",0.3594,0.6615,0.7782,0.7667," avg number accesses of lsq",0.3594,0.7782,0.4188,0.195228353473567,0.466161302467925
"avg_regfile_access",1.6602,2.5649,2.8711,2.8302," avg number accesses of arch. regfile",1.6602,2.8711,1.2109,0.564171681907792,0.4659110429497
"avg_dcache_access",0.3391,0.6258,0.7721,0.7618," avg number accesses of dcache",0.3391,0.7721,0.433,0.201735586019588,0.465902046234615
"avg_dcache_power_cc2",1.0316,1.9041,2.3491,2.3176," avg power usage of dcache_cc2",1.0316,2.3491,1.3175,0.613790002090835,0.46587476439532
"avg_bpred_access",0.1468,0.2689,0.3233,0.3188," avg number accesses of bpred unit",0.1468,0.3233,0.1765,0.0822163203587544,0.465814846225237
"avg_alu_power_cc2",1.2831,2.3881,2.8947,2.854," avg power usage of alu_cc2",1.2831,2.8947,1.6116,0.750631358146816,0.465767782419221
"avg_bpred_power_cc2",0.332,0.6082,0.7312,0.7209," avg power usage of bpred unit_cc2",0.332,0.7312,0.3992,0.185927107132518,0.465749266364022
"avg_alu_access",0.9931,1.8472,2.2384,2.2068," avg number accesses of alu",0.9931,2.2384,1.2453,0.579991002085377,0.465743999104936
"sim_IPC",0.9915,1.8163,2.1838,2.153," instructions per cycle",0.9915,2.1838,1.1923,0.555302347074697,0.465740457162372
"avg_resultbus_access",1.0972,2.0356,2.4644,2.4296," avg number accesses of resultbus",1.0972,2.4644,1.3672,0.636751955892821,0.465734315310724
"LSQ_fcount",5827655,3034603,1203233,1332869," cumulative LSQ full count",1203233,5827655,4624422,2153604.33674062,0.465702381127981
"sim_exec_BW",0.9994,1.8736,2.3045,2.2721," total instructions (mis-spec + committed) per cycle",0.9994,2.3045,1.3051,0.607783113728354,0.465698501056129
"ifq_rate",0.9994,1.8736,2.3045,2.2721," avg IFQ dispatch rate (insn/cycle)",0.9994,2.3045,1.3051,0.607783113728354,0.465698501056129
"ruu_rate",0.9994,1.8736,2.3045,2.2721," avg RUU dispatch rate (insn/cycle)",0.9994,2.3045,1.3051,0.607783113728354,0.465698501056129
"lsq_rate",0.9994,1.8736,2.3045,2.2721," avg LSQ dispatch rate (insn/cycle)",0.9994,2.3045,1.3051,0.607783113728354,0.465698501056129
"avg_rename_access",0.9994,1.8736,2.3045,2.2721," avg number accesses of rename unit",0.9994,2.3045,1.3051,0.607783113728354,0.465698501056129
"avg_dcache2_access",0.0029,0.0054,0.0064,0.0063," avg number accesses of dcache2",0.0029,0.0064,0.0035,0.00162992842378635,0.46569383536753
"avg_icache_access",1.0227,1.9149,2.3513,2.3182," avg number accesses of icache",1.0227,2.3513,1.3286,0.618715774137581,0.465690030210433
"avg_rename_power_cc2",0.1044,0.1958,0.2408,0.2374," avg power usage of rename unit_cc2",0.1044,0.2408,0.1364,0.0635183962853807,0.46567739212156
"avg_dispatch_power_cc2",0.1044,0.1958,0.2408,0.2374," average power of dispatch unit per cycle_cc2",0.1044,0.2408,0.1364,0.0635183962853807,0.46567739212156
"avg_lsq_power_cc1",0.1734,0.2635,0.293,0.2886," avg power usage of lsq_cc1",0.1734,0.293,0.1196,0.0556872442006845,0.46561240970472
"avg_window_access",4.0981,7.1316,8.4478,8.3284," avg number accesses of instruction window",4.0981,8.4478,4.3497,2.02477199271918,0.465496929148948
"avg_alu_power_cc3",2.7313,3.7424,4.212,4.1729," avg power usage of alu_cc3",2.7313,4.212,1.4807,0.689225983743116,0.465473076074233
"max_cycle_power_cc3",31.7969,34.7984,38.1614,37.7476," maximum cycle power usage of cc3",31.7969,38.1614,6.3645,2.95952520220727,0.465005138220956
"avg_dcache_power_cc3",1.4544,2.2344,2.6558,2.6208," avg power usage of dcache_cc3",1.4544,2.6558,1.2014,0.55829792226015,0.464706111420134
"dcache_power_cc1",48222544.497,40221032.7009,37455275.4655,37876643.0552," total power usage of dcache_cc1",37455275.4655,48222544.497,10767269.0315,5002658.26507058,0.464617188484391
"avg_dcache2_power_cc1",0.0106,0.0194,0.0232,0.0228," avg power usage of dcache2_cc1",0.0106,0.0232,0.0126,0.00585377371160405,0.464585215206671
"issue_stage_power_cc3",160807076.0861,129871987.4895,122529927.6255,124973804.5413," total power usage of issue stage_cc3",122529927.6255,160807076.0861,38277148.4606,17771732.5266321,0.464290921381596
"avg_total_power_insn_cc2",13.0965,9.9044,8.6902,8.5271," average total power per insn_cc2",8.5271,13.0965,4.5694,2.1190059973173,0.463738345804109
"resultbus_power_cc2",13603684.6701,14147374.4027,12699926.5384,14204335.9025," total power usage of resultbus_cc2",12699926.5384,14204335.9025,1504409.3641,697301.743391986,0.463505319783183
"total_power_cycle_cc2",339629823.0042,262866559.4513,235947520.0832,231523648.4813," total power per cycle_cc2",231523648.4813,339629823.0042,108106174.5229,50046767.2355855,0.46294087693376
"avg_bpred_power_cc3",0.7179,0.9391,1.0499,1.063," avg power usage of bpred unit_cc3",0.7179,1.063,0.3451,0.159699433833269,0.462762775523816
"fetch_stage_power_cc1",72960520.2476,48029784.1083,40662277.7359,38639223.3121," total power usage of fetch stage_cc1",38639223.3121,72960520.2476,34321296.9355,15782968.216147,0.459859318422843
"ifq_occupancy",3.8812,3.6763,3.5592,3.5761," avg IFQ occupancy (insn's)",3.5592,3.8812,0.322,0.147984255919338,0.459578434532104
"avg_fetch_power_cc2",2.4797,2.7845,2.8456,2.8053," average power of fetch unit per cycle_cc2",2.4797,2.8456,0.3659,0.167975977945261,0.459076190066304
"avg_issue_power_cc1",9.8553,12.1378,12.7842,12.9932," average power of issue unit per cycle_cc1",9.8553,12.9932,3.1379,1.43839902293024,0.458395430998515
"clock_power_cc2",130840453.0661,103415549.2055,93941285.2899,91473189.5533," total power usage of clock_cc2",91473189.5533,130840453.0661,39367263.5128,18032213.0694754,0.458050965711963
"avg_total_power_cycle_cc2",13.0885,18.5564,20.0263,19.3741," average total power per cycle_cc2",13.0885,20.0263,6.9378,3.17272714907853,0.457310263927835
"avg_total_power_cycle_cc3",17.5296,22.4983,23.8915,23.3073," average total power per cycle_cc3",17.5296,23.8915,6.3619,2.9080397961227,0.45710240590432
"avg_rename_power_cc1",0.357,0.361,0.348,0.343," avg power usage of rename unit_cc1",0.343,0.361,0.018,0.00822090830342567,0.456717127968094
"avg_dispatch_power_cc1",0.357,0.361,0.348,0.343," average power of dispatch unit per cycle_cc1",0.343,0.361,0.018,0.00822090830342567,0.456717127968094
"ruu_occupancy",15.336,14.5645,13.6599,13.3743," avg RUU occupancy (insn's)",13.3743,15.336,1.9617,0.892992856914321,0.455213772194689
"resultbus_power_cc3",14786820.235,14529239.8167,12975891.9969,14481805.103," total power usage of resultbus_cc3",12975891.9969,14786820.235,1810928.2381,822686.492061907,0.454289946312317
"avg_clock_power_cc2",5.0423,7.3004,7.9734,7.6545," avg power usage of clock_cc2",5.0423,7.9734,2.9311,1.32897092644397,0.453403475297317
"avg_clock_power_cc3",6.6,8.6473,9.2823,8.9926," avg power usage of clock_cc3",6.6,9.2823,2.6823,1.21508190807588,0.453000003010806
"RUU_fcount",20067737,10007439,6909713,5560023," cumulative RUU full count",5560023,20067737,14507714,6557527.70666029,0.452002824611809
"avg_fetch_power_cc1",2.8117,3.3905,3.4513,3.2334," average power of fetch unit per cycle_cc1",2.8117,3.4513,0.6396,0.288355386921532,0.450837065230664
"regfile_power_cc3",44721553.3859,18928153.4542,8967210.8704,5083127.0954," total power usage of arch. regfile_cc3",5083127.0954,44721553.3859,39638426.2905,17843926.5259092,0.450167380388303
"regfile_power_cc2",43903148.9686,18697636.8334,8403354.7374,4347122.4626," total power usage of arch. regfile_cc2",4347122.4626,43903148.9686,39556026.506,17768405.9317006,0.449195925404829
"avg_regfile_power_cc2",1.6919,1.3199,0.7132,0.3638," avg power usage of arch. regfile_cc2",0.3638,1.6919,1.3281,0.596124970119521,0.448855485369717
"resultbus_power_cc1",39653194.0286,24552814.6212,18612810.7101,21126690.67," total power usage of resultbus_cc1",18612810.7101,39653194.0286,21040383.3185,9430853.9706059,0.448226338267978
"bpred_bimod.addr_hits",3660203,3660292,3660276,3660276," total number of address-predicted hits",3660203,3660292,89,39.8862967279073,0.448160637392217
"avg_regfile_power_cc3",1.7235,1.3362,0.7611,0.4254," avg power usage of arch. regfile_cc3",0.4254,1.7235,1.2981,0.57981820426751,0.446666824025507
"ruu_full",0.7734,0.7065,0.5865,0.4653," fraction of time (cycle's) RUU was full",0.4653,0.7734,0.3081,0.135892025152325,0.441064671055906
"avg_resultbus_power_cc2",0.5243,0.9987,1.0779,1.1886," avg power usage of resultbus_cc2",0.5243,1.1886,0.6643,0.292604959800753,0.440471112149259
"avg_resultbus_power_cc3",0.5698,1.0257,1.1013,1.2118," avg power usage of resultbus_cc3",0.5698,1.2118,0.642,0.28211402541053,0.439429946122321
"avg_bpred_power_cc1",0.664,1.2142,1.3369,1.149," avg power usage of bpred unit_cc1",0.664,1.3369,0.6729,0.295148576991318,0.438621752104797
"avg_icache_power_cc1",2.1477,2.1763,2.1144,2.0843," avg power usage of icache_cc1",2.0843,2.1763,0.0920000000000001,0.039945827900629,0.434193781528576
"avg_icache_power_cc2",2.1477,2.1763,2.1144,2.0843," avg power usage of icache_cc2",2.0843,2.1763,0.0920000000000001,0.039945827900629,0.434193781528576
"avg_icache_power_cc3",2.1806,2.2064,2.1507,2.1236," avg power usage of icache_cc3",2.1236,2.2064,0.0827999999999998,0.0359413758779487,0.434074587897933
"sim_elapsed_time",24,21,20,21," total simulation time in seconds",20,24,4,1.73205080756888,0.433012701892219
"max_regfile_access",9,10,11,14," max number accesses of arch. regfile",9,14,5,2.16024689946929,0.432049379893857
"issue_stage_power_cc2",97831258.1987,98535812.7122,97238893.8442,99342571.1049," total power usage of issue stage_cc2",97238893.8442,99342571.1049,2103677.2607,907821.337184741,0.431540214910467
"avg_window_power_cc1",1.8256,1.8844,1.9412,1.9929," avg power usage of instruction window_cc1",1.8256,1.9929,0.1673,0.0721580845551395,0.431309531112609
"max_bpred_access",1,2,3,5," max number accesses of bpred unit",1,5,4,1.70782512765993,0.426956281914983
"il1.misses",22804,22811,22809,22809," total number of misses",22804,22811,7,2.98607881119482,0.426582687313546
"il1.replacements",22329,22336,22334,22334," total number of replacements",22329,22336,7,2.98607881119482,0.426582687313546
"sim_inst_rate",1072046.1667,1225195.619,1286455.4,1225195.619," simulation speed (in insts/sec)",1072046.1667,1286455.4,214409.2333,91463.2669163827,0.42658268726892
"window_power_cc3",22027906.634,21281777.4314,20486653.7156,21067361.6083," total power usage of instruction window_cc3",20486653.7156,22027906.634,1541252.9184,637065.774803602,0.413342785728478
"window_power_cc2",21708973.8591,21105241.808,20314424.1339,20894991.4927," total power usage of instruction window_cc2",20314424.1339,21708973.8591,1394549.7252,575795.45451254,0.412889869832331
"ul2.writebacks",2440,2438,2439,2439," total number of writebacks",2438,2440,2,0.816496580927726,0.408248290463863
"sim_num_insn",25729108,25729108,25729108,25729108," total number of instructions committed",25729108,25729108,0,0,NA
"sim_num_refs",9061672,9061672,9061672,9061672," total number of loads and stores committed",9061672,9061672,0,0,NA
"sim_num_loads",6510002,6510002,6510002,6510002," total number of loads committed",6510002,6510002,0,0,NA
"sim_num_stores",2551670,2551670,2551670,2551670," total number of stores committed",2551670,2551670,0,0,NA
"sim_num_branches",3809455,3809455,3809455,3809455," total number of branches committed",3809455,3809455,0,0,NA
"sim_IPB",6.754,6.754,6.754,6.754," instruction per branch",6.754,6.754,0,0,NA
"bpred_bimod.updates",3809455,3809455,3809455,3809455," total number of updates",3809455,3809455,0,0,NA
"bpred_bimod.jr_seen",329260,329260,329260,329260," total number of JR's seen",329260,329260,0,0,NA
"bpred_bimod.jr_non_ras_hits.PP",6286,6286,6286,6286," total number of address-predicted hits for non-RAS JR's",6286,6286,0,0,NA
"bpred_bimod.jr_non_ras_seen.PP",6328,6328,6328,6328," total number of non-RAS JR's seen",6328,6328,0,0,NA
"bpred_bimod.bpred_addr_rate",0.9608,0.9608,0.9608,0.9608," branch address-prediction rate (i.e., addr-hits/updates)",0.9608,0.9608,0,0,NA
"bpred_bimod.bpred_dir_rate",0.961,0.961,0.961,0.961," branch direction-prediction rate (i.e., all-hits/updates)",0.961,0.961,0,0,NA
"bpred_bimod.bpred_jr_non_ras_rate.PP",0.9934,0.9934,0.9934,0.9934," non-RAS JR addr-pred rate (ie, non-RAS JR hits/JRs seen)",0.9934,0.9934,0,0,NA
"bpred_bimod.used_ras.PP",322932,322932,322932,322932," total number of RAS predictions used",322932,322932,0,0,NA
"il1.writebacks",0,0,0,0," total number of writebacks",0,0,0,0,NA
"il1.invalidations",0,0,0,0," total number of invalidations",0,0,0,0,NA
"il1.repl_rate",8e-04,8e-04,8e-04,8e-04," replacement rate (i.e., repls/ref)",8e-04,8e-04,0,0,NA
"il1.wb_rate",0,0,0,0," writeback rate (i.e., wrbks/ref)",0,0,0,0,NA
"il1.inv_rate",0,0,0,0," invalidation rate (i.e., invs/ref)",0,0,0,0,NA
"dl1.invalidations",0,0,0,0," total number of invalidations",0,0,0,0,NA
"dl1.wb_rate",0.0012,0.0012,0.0012,0.0012," writeback rate (i.e., wrbks/ref)",0.0012,0.0012,0,0,NA
"dl1.inv_rate",0,0,0,0," invalidation rate (i.e., invs/ref)",0,0,0,0,NA
"ul2.invalidations",0,0,0,0," total number of invalidations",0,0,0,0,NA
"ul2.repl_rate",0.0701,0.0701,0.0701,0.0701," replacement rate (i.e., repls/ref)",0.0701,0.0701,0,0,NA
"ul2.wb_rate",0.0322,0.0322,0.0322,0.0322," writeback rate (i.e., wrbks/ref)",0.0322,0.0322,0,0,NA
"ul2.inv_rate",0,0,0,0," invalidation rate (i.e., invs/ref)",0,0,0,0,NA
"itlb.misses",20,20,20,20," total number of misses",20,20,0,0,NA
"itlb.replacements",0,0,0,0," total number of replacements",0,0,0,0,NA
"itlb.writebacks",0,0,0,0," total number of writebacks",0,0,0,0,NA
"itlb.invalidations",0,0,0,0," total number of invalidations",0,0,0,0,NA
"itlb.miss_rate",0,0,0,0," miss rate (i.e., misses/ref)",0,0,0,0,NA
"itlb.repl_rate",0,0,0,0," replacement rate (i.e., repls/ref)",0,0,0,0,NA
"itlb.wb_rate",0,0,0,0," writeback rate (i.e., wrbks/ref)",0,0,0,0,NA
"itlb.inv_rate",0,0,0,0," invalidation rate (i.e., invs/ref)",0,0,0,0,NA
"dtlb.misses",83,83,83,83," total number of misses",83,83,0,0,NA
"dtlb.replacements",0,0,0,0," total number of replacements",0,0,0,0,NA
"dtlb.writebacks",0,0,0,0," total number of writebacks",0,0,0,0,NA
"dtlb.invalidations",0,0,0,0," total number of invalidations",0,0,0,0,NA
"dtlb.miss_rate",0,0,0,0," miss rate (i.e., misses/ref)",0,0,0,0,NA
"dtlb.repl_rate",0,0,0,0," replacement rate (i.e., repls/ref)",0,0,0,0,NA
"dtlb.wb_rate",0,0,0,0," writeback rate (i.e., wrbks/ref)",0,0,0,0,NA
"dtlb.inv_rate",0,0,0,0," invalidation rate (i.e., invs/ref)",0,0,0,0,NA
"avg_rename_power",0.418,0.418,0.418,0.418," avg power usage of rename unit",0.418,0.418,0,0,NA
"avg_bpred_power",4.5231,4.5231,4.5231,4.5231," avg power usage of bpred unit",4.5231,4.5231,0,0,NA
"avg_window_power",2.2043,2.2043,2.2043,2.2043," avg power usage of instruction window",2.2043,2.2043,0,0,NA
"avg_lsq_power",0.9632,0.9632,0.9632,0.9632," avg power usage of lsq",0.9632,0.9632,0,0,NA
"avg_regfile_power",3.5725,3.5725,3.5725,3.5725," avg power usage of arch. regfile",3.5725,3.5725,0,0,NA
"avg_icache_power",2.4769,2.4769,2.4769,2.4769," avg power usage of icache",2.4769,2.4769,0,0,NA
"avg_dcache_power",6.0849,6.0849,6.0849,6.0849," avg power usage of dcache",6.0849,6.0849,0,0,NA
"avg_dcache2_power",4.2091,4.2091,4.2091,4.2091," avg power usage of dcache2",4.2091,4.2091,0,0,NA
"avg_alu_power",18.9412,18.9412,18.9412,18.9412," avg power usage of alu",18.9412,18.9412,0,0,NA
"avg_falu_power",14.281,14.281,14.281,14.281," avg power usage of falu",14.281,14.281,0,0,NA
"avg_resultbus_power",2.2975,2.2975,2.2975,2.2975," avg power usage of resultbus",2.2975,2.2975,0,0,NA
"avg_clock_power",26.0975,26.0975,26.0975,26.0975," avg power usage of clock",26.0975,26.0975,0,0,NA
"avg_fetch_power",7.0001,7.0001,7.0001,7.0001," average power of fetch unit per cycle",7.0001,7.0001,0,0,NA
"avg_dispatch_power",0.418,0.418,0.418,0.418," average power of dispatch unit per cycle",0.418,0.418,0,0,NA
"avg_issue_power",34.7002,34.7002,34.7002,34.7002," average power of issue unit per cycle",34.7002,34.7002,0,0,NA
"avg_total_power_cycle",71.7882,71.7882,71.7882,71.7882," average total power per cycle",71.7882,71.7882,0,0,NA
"avg_total_power_cycle_nofp_nod2",53.2981,53.2981,53.2981,53.2981," average total power per cycle",53.2981,53.2981,0,0,NA
"total_bpred_access",3809455,3809455,3809455,3809455," total number accesses of bpred unit",3809455,3809455,0,0,NA
"max_rename_access",4,4,4,4," max number accesses of rename unit",4,4,0,0,NA
"max_window_access",16,16,16,16," max number accesses of instruction window",16,16,0,0,NA
"max_icache_access",4,4,4,4," max number accesses of icache",4,4,0,0,NA
"max_dcache2_access",4,4,4,4," max number accesses of dcache2",4,4,0,0,NA
"max_alu_access",4,4,4,4," max number accesses of alu",4,4,0,0,NA
"max_resultbus_access",6,6,6,6," max number accesses of resultbus",6,6,0,0,NA
"sim_invalid_addrs",0,0,0,0," total non-speculative bogus addresses seen (debug var)",0,0,0,0,NA
"ld_text_base",4831838208,4831838208,4831838208,4831838208," program text (code) segment base",4831838208,4831838208,0,0,NA
"ld_text_size",106496,106496,106496,106496," program text (code) size in bytes",106496,106496,0,0,NA
"ld_data_base",5368709120,5368709120,5368709120,5368709120," program initialized data segment base",5368709120,5368709120,0,0,NA
"ld_data_size",71264,71264,71264,71264," program init'ed `.data' and uninit'ed `.bss' size in bytes",71264,71264,0,0,NA
"ld_stack_base",4831424512,4831424512,4831424512,4831424512," program stack segment base (highest address in stack)",4831424512,4831424512,0,0,NA
"ld_stack_size",16384,16384,16384,16384," program initial stack size",16384,16384,0,0,NA
"ld_prog_entry",4831861184,4831861184,4831861184,4831861184," program entry point (initial PC)",4831861184,4831861184,0,0,NA
"ld_environ_base",4831408128,4831408128,4831408128,4831408128," program environment base address address",4831408128,4831408128,0,0,NA
"ld_target_big_endian",0,0,0,0," target executable endian-ness, non-zero if big endian",0,0,0,0,NA
"mem.page_count",54,54,54,54," total number of pages allocated",54,54,0,0,NA
"mem.ptab_miss_rate",0.0024,0.0024,0.0024,0.0024," first level page table miss rate",0.0024,0.0024,0,0,NA
