"metric","C1","C2","C4","desc","min","max","range","sd","index"
"ifq_full",0.81,0.8104,0.8104," fraction of time (cycle's) IFQ was full",0.81,0.8104,0.000399999999999956,0.000230940107675825,0.577350269189626
"dcache_power_cc2",27673012.807,27673012.807,27673031.0617," total power usage of dcache_cc2",27673012.807,27673031.0617,18.2547000013292,10.5393559597433,0.577350269189626
"alu_power_cc2",34105272.6769,34105271.5119,34105272.6769," total power usage of alu_cc2",34105271.5119,34105272.6769,1.16499999910593,0.672613063089723,0.577350269189626
"avg_lsq_power_cc3",0.2539,0.2536,0.2536," avg power usage of instruction lsq_cc3",0.2536,0.2539,0.000300000000000022,0.000173205080756901,0.577350269189626
"sim_elapsed_time",22,21,22," total simulation time in seconds",21,22,1,0.577350269189626,0.577350269189626
"sim_inst_rate",1169504.9091,1225195.619,1169504.9091," simulation speed (in insts/sec)",1169504.9091,1225195.619,55690.7098999999,32153.0463521263,0.577350269189626
"sim_total_insn",27151047,27151047,27151055," total number of instructions executed",27151047,27151055,8,4.61880215351701,0.577350269189626
"sim_total_refs",9506942,9506942,9506944," total number of loads and stores executed",9506942,9506944,2,1.15470053837925,0.577350269189626
"sim_total_loads",6816030,6816030,6816029," total number of loads executed",6816029,6816030,1,0.577350269189626,0.577350269189626
"sim_total_stores",2690912,2690912,2690915," total number of stores executed",2690912,2690915,3,1.73205080756888,0.577350269189626
"sim_total_branches",4040206,4040206,4040207," total number of branches executed",4040206,4040207,1,0.577350269189626,0.577350269189626
"lsq_full",0.1018,0.1018,0.1033," fraction of time (cycle's) LSQ was full",0.1018,0.1033,0.0015,0.000866025403784439,0.577350269189626
"bpred_bimod.lookups",4137664,4137664,4137663," total number of bpred lookups",4137663,4137664,1,0.577350269189626,0.577350269189626
"bpred_bimod.retstack_pops",325231,325231,325232," total number of address popped off of ret-addr stack",325231,325232,1,0.577350269189626,0.577350269189626
"il1.misses",22817,22817,22815," total number of misses",22815,22817,2,1.15470053837925,0.577350269189626
"il1.replacements",22342,22342,22340," total number of replacements",22340,22342,2,1.15470053837925,0.577350269189626
"dl1.accesses",9095625,9095625,9095631," total number of accesses",9095625,9095631,6,3.46410161513775,0.577350269189626
"dl1.hits",9053151,9053151,9053157," total number of hits",9053151,9053157,6,3.46410161513775,0.577350269189626
"ul2.accesses",75835,75835,75833," total number of accesses",75833,75835,2,1.15470053837925,0.577350269189626
"dtlb.accesses",9130360,9130360,9130361," total number of accesses",9130360,9130361,1,0.577350269189626,0.577350269189626
"dtlb.hits",9130277,9130277,9130278," total number of hits",9130277,9130278,1,0.577350269189626,0.577350269189626
"rename_power_cc2",2837050.1438,2837050.1438,2837050.9797," total power usage of rename unit_cc2",2837050.1438,2837050.9797,0.835899999830872,0.482607089917962,0.577350269189626
"dcache2_power_cc2",18360.8097,18360.8097,18360.3255," total power usage of dcache2_cc2",18360.3255,18360.8097,0.484200000002602,0.279553000343119,0.577350269189626
"dispatch_stage_power_cc2",2837050.1438,2837050.1438,2837050.9797," total power usage of dispatch stage_cc2",2837050.1438,2837050.9797,0.835899999830872,0.482607089917962,0.577350269189626
"total_rename_access",27151047,27151047,27151055," total number accesses of rename unit",27151047,27151055,8,4.61880215351701,0.577350269189626
"total_dcache_access",9095625,9095625,9095631," total number accesses of dcache",9095625,9095631,6,3.46410161513775,0.577350269189626
"total_dcache2_access",75835,75835,75833," total number accesses of dcache2",75833,75835,2,1.15470053837925,0.577350269189626
"total_alu_access",26372440,26372439,26372440," total number accesses of alu",26372439,26372440,1,0.577350269189626,0.577350269189626
"resultbus_power_cc2",13675800.027,13675795.3062,13939724.6481," total power usage of resultbus_cc2",13675795.3062,13939724.6481,263929.3419,152378.313833712,0.577345105840662
"window_power_cc2",20691763.6201,20691789.5367,20793473.5488," total power usage of instruction window_cc2",20691763.6201,20793473.5488,101709.9287,58714.7746661522,0.577276726241105
"regfile_power_cc1",31274075.136,31273995.5015,31474783.9148," total power usage of arch. regfile_cc1",31273995.5015,31474783.9148,200788.4133,115902.262808348,0.577235812084322
"regfile_power_cc2",8595433.0874,8595478.168,8647448.173," total power usage of arch. regfile_cc2",8595433.0874,8647448.173,52015.0855999999,30017.9184875076,0.577100242001865
"issue_stage_power_cc2",98447551.8765,98447883.1361,98813472.937," total power usage of issue stage_cc2",98447551.8765,98813472.937,365921.060500011,211169.06132784,0.577089115994824
"resultbus_power_cc1",20065313.2848,20065831.7218,20451512.3039," total power usage of resultbus_cc1",20065313.2848,20451512.3039,386199.019099999,222822.59854711,0.576963139539757
"issue_stage_power_cc1",152328580.5654,152330638.2261,152831134.8207," total power usage of issue stage_cc1",152328580.5654,152831134.8207,502554.255299985,289557.666879981,0.576171953229483
"window_power_cc1",23327195.8117,23327729.4128,23443127.4465," total power usage of instruction window_cc1",23327195.8117,23443127.4465,115931.634799998,66779.6561578456,0.576026175021614
"avg_total_power_cycle_cc2",19.6397,19.6141,19.6394," average total power per cycle_cc2",19.6141,19.6397,0.0256000000000007,0.0146943299722485,0.573997264540942
"resultbus_power_cc3",14048111.3385,14052908.4825,14318488.6088," total power usage of resultbus_cc3",14048111.3385,14318488.6088,270377.270299999,154736.164901723,0.57229723759706
"window_power_cc3",20956215.0413,20960849.8223,21064109.1261," total power usage of instruction window_cc3",20956215.0413,21064109.1261,107894.084800001,60998.7684998761,0.565357856391729
"max_cycle_power_cc3",38.3772,38.3733,38.4245," maximum cycle power usage of cc3",38.3733,38.4245,0.0512000000000015,0.0285012865206706,0.556665752356831
"avg_resultbus_power_cc3",1.15,1.1484,1.1694," avg power usage of resultbus_cc3",1.1484,1.1694,0.0209999999999999,0.011689881664642,0.556661031649621
"avg_total_power_cycle_cc1",31.0667,31.0264,31.0705," average total power per cycle_cc1",31.0264,31.0705,0.0441000000000003,0.0244381532308266,0.554153134485861
"avg_resultbus_power_cc1",1.6425,1.6397,1.6703," avg power usage of resultbus_cc1",1.6397,1.6703,0.0306,0.016916658456484,0.552831975702092
"avg_resultbus_power_cc2",1.1195,1.1175,1.1385," avg power usage of resultbus_cc2",1.1175,1.1385,0.0210000000000001,0.0115902257671425,0.55191551272107
"max_cycle_power_cc2",35.629,35.6244,35.6698," maximum cycle power usage of cc2",35.6244,35.6698,0.0454000000000008,0.0249898646121462,0.550437546523036
"LSQ_fcount",1243001,1245434,1264586," cumulative LSQ full count",1243001,1264586,21585,11822.5125502154,0.54771890434169
"regfile_power_cc3",9314914.3219,9322534.8296,9376966.9825," total power usage of arch. regfile_cc3",9314914.3219,9376966.9825,62052.6605999991,33841.454102115,0.545366689758271
"ruu_full",0.6005,0.6012,0.6013," fraction of time (cycle's) RUU was full",0.6005,0.6013,0.000799999999999912,0.000435889894354019,0.544862367942584
"icache_power_cc1",24910605.5133,24910568.3592,24910573.3131," total power usage of icache_cc1",24910568.3592,24910605.5133,37.1541000008583,20.1735022255936,0.542968399857015
"icache_power_cc2",24910605.5133,24910568.3592,24910573.3131," total power usage of icache_cc2",24910568.3592,24910605.5133,37.1541000008583,20.1735022255936,0.542968399857015
"fetch_stage_power_cc2",33525928.7457,33525891.5916,33525896.5455," total power usage of fetch stage_cc2",33525891.5916,33525928.7457,37.1541000008583,20.1735022255936,0.542968399857015
"max_cycle_power_cc1",56.5824,56.5759,56.6243," maximum cycle power usage of cc1",56.5759,56.6243,0.0484000000000009,0.0262691834665639,0.542751724515774
"lsq_power_cc2",2283341.9359,2283653.1646,2283610.676," total power usage of lsq_cc2",2283341.9359,2283653.1646,311.228699999861,168.765036950581,0.542254094659832
"issue_stage_power_cc3",120708111.9083,120773868.1891,121161059.0202," total power usage of issue stage_cc3",120708111.9083,121161059.0202,452947.111900002,244745.348723631,0.540339793087508
"ruu_occupancy",13.7351,13.7399,13.7392," avg RUU occupancy (insn's)",13.7351,13.7399,0.00480000000000125,0.00259293913027994,0.540195652141513
"il1.hits",27679173,27679176,27679192," total number of hits",27679173,27679192,19,10.2143689640297,0.537598366527879
"lsq_power_cc1",3453795.7012,3454331.8745,3454241.0041," total power usage of lsq_cc1",3453795.7012,3454331.8745,536.173299999908,286.947704288125,0.535177160608658
"avg_regfile_power_cc3",0.7625,0.7618,0.7658," avg power usage of arch. regfile_cc3",0.7618,0.7658,0.004,0.00213619599600163,0.534048999000408
"il1.accesses",27701990,27701993,27702007," total number of accesses",27701990,27702007,17,9.07377172587747,0.533751277992792
"itlb.accesses",27701990,27701993,27702007," total number of accesses",27701990,27702007,17,9.07377172587747,0.533751277992792
"itlb.hits",27701970,27701973,27701987," total number of hits",27701970,27701987,17,9.07377172587747,0.533751277992792
"total_icache_access",27702616,27702619,27702633," total number accesses of icache",27702616,27702633,17,9.07377172587747,0.533751277992792
"total_power_cycle_cc1",379515838.8299,379680972.0192,380435703.639," total power per cycle_cc1",379515838.8299,380435703.639,919864.809099972,490414.799796187,0.533137907814982
"avg_total_power_insn_cc1",13.9779,13.984,14.0118," average total power per insn_cc1",13.9779,14.0118,0.0338999999999992,0.0180705100462969,0.533053393696086
"RUU_fcount",7335572,7357541,7362498," cumulative RUU full count",7335572,7362498,26926,14330.7262318884,0.53222633261117
"total_power_cycle_cc2",239921413.588,240024488.0077,240469534.2552," total power per cycle_cc2",239921413.588,240469534.2552,548120.667199999,291297.889974649,0.531448470028881
"avg_total_power_insn_cc2",8.8365,8.8403,8.8567," average total power per insn_cc2",8.8365,8.8567,0.0202000000000009,0.0107349895202562,0.531435124765136
"RUU_count",167790512,168139367,168226558," cumulative RUU occupancy",167790512,168226558,436046,230737.294927225,0.529158150578667
"ifq_latency",1.6075,1.6107,1.6115," avg IFQ occupant latency (cycle's)",1.6075,1.6115,0.004,0.00211660104885169,0.529150262212922
"ruu_latency",6.1799,6.1927,6.1959," avg RUU occupant latency (cycle's)",6.1799,6.1959,0.016,0.00846640419540676,0.529150262212922
"avg_rename_power_cc2",0.2322,0.2318,0.2317," avg power usage of rename unit_cc2",0.2317,0.2322,5e-04,0.000264575131106456,0.529150262212912
"avg_dispatch_power_cc2",0.2322,0.2318,0.2317," average power of dispatch unit per cycle_cc2",0.2317,0.2322,5e-04,0.000264575131106456,0.529150262212912
"avg_rename_power_cc3",0.2405,0.2401,0.24," avg power usage of rename unit_cc3",0.24,0.2405,5e-04,0.000264575131106456,0.529150262212912
"avg_dispatch_power_cc3",0.2405,0.2401,0.24," average power of dispatch unit per cycle_cc3",0.24,0.2405,5e-04,0.000264575131106456,0.529150262212912
"IFQ_fcount",9895181,9916965,9922430," cumulative IFQ full count",9895181,9922430,27249,14415.9453499704,0.529044931923021
"IFQ_count",43644781,43731932,43753822," cumulative IFQ occupancy",43644781,43753822,109041,57683.6322567618,0.52900865047791
"ul2.repl_rate",0.5699,0.6173,0.5796," replacement rate (i.e., repls/ref)",0.5699,0.6173,0.0474,0.0250404339685504,0.528279197648743
"ul2.misses",43727,47325,44465," total number of misses",43727,47325,3598,1900.43188074009,0.528191184196802
"ul2.replacements",43215,46813,43953," total number of replacements",43215,46813,3598,1900.43188074009,0.528191184196802
"ul2.hits",32108,28510,31368," total number of hits",28510,32108,3598,1900.05999905266,0.528087826307021
"ul2.miss_rate",0.5766,0.6241,0.5864," miss rate (i.e., misses/ref)",0.5766,0.6241,0.0475,0.0250784768277501,0.527967933215792
"lsq_power_cc3",3101629.4575,3103982.3402,3104607.4523," total power usage of lsq_cc3",3101629.4575,3104607.4523,2977.99479999999,1570.3118143834,0.527305089445894
"clock_power_cc2",96515449.7346,96618184.9683,96645665.6199," total power usage of clock_cc2",96515449.7346,96645665.6199,130215.88530001,68636.5928158604,0.527098461587274
"ifq_occupancy",3.5727,3.5736,3.5734," avg IFQ occupancy (insn's)",3.5727,3.5736,0.000899999999999679,0.000472581562625083,0.525090625139169
"avg_bpred_power_cc3",1.0286,1.0276,1.0273," avg power usage of bpred unit_cc3",1.0273,1.0286,0.00129999999999986,0.00068068592855533,0.523604560427234
"mem.ptab_accesses",190728032,190728038,190728058," total page table accesses",190728032,190728058,26,13.6137185711081,0.523604560427234
"avg_icache_power_cc1",2.0392,2.0356,2.0345," avg power usage of icache_cc1",2.0345,2.0392,0.00470000000000015,0.00245831920899904,0.523046640212545
"avg_icache_power_cc2",2.0392,2.0356,2.0345," avg power usage of icache_cc2",2.0345,2.0392,0.00470000000000015,0.00245831920899904,0.523046640212545
"avg_lsq_access",0.7506,0.7493,0.7489," avg number accesses of lsq",0.7489,0.7506,0.00170000000000003,0.000888819441731586,0.522834965724452
"sim_exec_BW",2.2226,2.2187,2.2175," total instructions (mis-spec + committed) per cycle",2.2175,2.2226,0.0051000000000001,0.00266645832519468,0.522834965724437
"ifq_rate",2.2226,2.2187,2.2175," avg IFQ dispatch rate (insn/cycle)",2.2175,2.2226,0.0051000000000001,0.00266645832519468,0.522834965724437
"ruu_rate",2.2226,2.2187,2.2175," avg RUU dispatch rate (insn/cycle)",2.2175,2.2226,0.0051000000000001,0.00266645832519468,0.522834965724437
"lsq_rate",2.2226,2.2187,2.2175," avg LSQ dispatch rate (insn/cycle)",2.2175,2.2226,0.0051000000000001,0.00266645832519468,0.522834965724437
"avg_rename_access",2.2226,2.2187,2.2175," avg number accesses of rename unit",2.2175,2.2226,0.0051000000000001,0.00266645832519468,0.522834965724437
"avg_fetch_power_cc2",2.7444,2.7396,2.7381," average power of fetch unit per cycle_cc2",2.7381,2.7444,0.00629999999999997,0.00329089653438092,0.522364529266814
"avg_dcache_power_cc1",3.0664,3.061,3.0593," avg power usage of dcache_cc1",3.0593,3.0664,0.00709999999999988,0.00370720020140979,0.522140873438008
"avg_bpred_power_cc1",1.2893,1.2871,1.2864," avg power usage of bpred unit_cc1",1.2864,1.2893,0.0028999999999999,0.00151327459504211,0.521818825876608
"avg_clock_power_cc1",12.3731,12.365,12.3624," avg power usage of clock_cc1",12.3624,12.3731,0.0107000000000017,0.00558062123184705,0.521553386153847
"avg_alu_power_cc1",5.5657,5.5561,5.553," avg power usage of alu_cc1",5.553,5.5657,0.0126999999999997,0.00662142985565289,0.52137242957898
"avg_dcache_power_cc3",2.5827,2.5793,2.5782," avg power usage of dcache_cc3",2.5782,2.5827,0.00450000000000017,0.0023459184413218,0.521315209182602
"sim_IPC",2.1062,2.1025,2.1013," instructions per cycle",2.1013,2.1062,0.00489999999999968,0.00255408170059858,0.521241163387499
"avg_alu_access",2.1588,2.1551,2.1539," avg number accesses of alu",2.1539,2.1588,0.00489999999999968,0.00255408170059858,0.521241163387499
"avg_total_power_insn_nofp_nod2",23.9806,24.0222,24.0357," average total power per insn",23.9806,24.0357,0.0550999999999995,0.0287193895014038,0.521223039952888
"avg_total_power_insn",30.624,30.6771,30.6944," average total power per insn",30.624,30.6944,0.0704000000000029,0.0366857374647618,0.521104225351708
"avg_window_access",8.1479,8.1338,8.1292," avg number accesses of instruction window",8.1292,8.1479,0.0186999999999991,0.00974388697252401,0.521063474466551
"dcache2_power_cc3",606765.019,607790.3287,608125.1256," total power usage of dcache2_cc3",606765.019,608125.1256,1360.10660000006,708.665284005483,0.521036574637204
"bpred_power_cc3",12565788.3548,12575366.5273,12578496.5307," total power usage of bpred unit_cc3",12565788.3548,12578496.5307,12708.1758999992,6621.12835838268,0.521013276058218
"icache_power",30258738.8444,30311188.0857,30328333.4763," total power usage of icache",30258738.8444,30328333.4763,69594.6319000013,36259.0221440794,0.521003145704959
"dcache_power",74334243.3653,74463091.2555,74505210.9766," total power usage of dcache",74334243.3653,74505210.9766,170967.611300007,89074.6632776538,0.521003145568604
"alu_power",231388599.7602,231789679.1493,231920789.9654," total power usage of alu",231388599.7602,231920789.9654,532190.205200016,277272.770922451,0.521003145516822
"regfile_power",43641922.9852,43717570.082,43742298.7339," total power usage of arch. regfile",43641922.9852,43742298.7339,100375.7487,52296.0808062222,0.521003145515985
"issue_stage_power",378400164.9104,379056068.0409,379270479.4444," total power usage of issue stage",378400164.9104,379270479.4444,870314.534000039,453436.609800142,0.521003145513507
"falu_power",174459658.5887,174762059.7157,174860913.1089," total power usage of falu",174459658.5887,174860913.1089,401254.520200014,209054.86717565,0.521003145513331
"clock_power",318811136.088,319363750.0705,319544396.7759," total power usage of clock",318811136.088,319544396.7759,733260.687900007,382031.124876406,0.521003145512285
"sim_cycle",12216169,12237344,12244266," total simulation time in cycles",12216169,12244266,28097,14638.6253794542,0.521003145512125
"total_power",831473176.3041,832914417.3757,833385551.7652," total power per cycle",831473176.3041,833385551.7652,1912375.46109998,996353.630633014,0.52100314551198
"fetch_stage_power",85514015.2986,85662241.7412,85710696.2128," total power usage of fetch stage",85514015.2986,85710696.2128,196680.914199993,102471.374957782,0.52100314549883
"resultbus_power",28067172.1993,28115822.67,28131726.2619," total power usage of resultbus",28067172.1993,28131726.2619,64554.0626000017,33632.8696684719,0.521003145485549
"window_power",26928338.5452,26975015.0088,26990273.3078," total power usage of instruction window",26928338.5452,26990273.3078,61934.7625999972,32268.2061294947,0.521003145485475
"bpred_power",55255276.4542,55351053.6555,55382362.7364," total power usage of bpred unit",55255276.4542,55382362.7364,127086.282200001,66212.352773837,0.521003145482183
"lsq_power",11766369.5038,11786764.84,11793431.9719," total power usage of load/store queue",11766369.5038,11793431.9719,27062.4681000002,14099.631000766,0.521003145340094
"dcache2_power",5915441.5366,5925695.1173,5929046.9608," total power usage of dcache2",5915441.5366,5929046.9608,13605.4241999993,7088.46880129769,0.521003145296863
"rename_power",5105937.022,5114787.4411,5117680.5982," total power usage of rename unit",5105937.022,5117680.5982,11743.5762,6118.4401363983,0.521003145225753
"dispatch_stage_power",5105937.022,5114787.4411,5117680.5982," total power usage of dispatch stage",5105937.022,5117680.5982,11743.5762,6118.4401363983,0.521003145225753
"clock_power_cc1",151152071.2881,151315271.8901,151368709.5175," total power usage of clock_cc1",151152071.2881,151368709.5175,216638.229400009,112858.420859112,0.520953393921653
"avg_fetch_power_cc1",3.3285,3.3227,3.3208," average power of fetch unit per cycle_cc1",3.3208,3.3285,0.00769999999999982,0.00401123422402621,0.520939509613806
"fetch_stage_power_cc3",38011207.1999,38025996.8577,38030845.8588," total power usage of fetch stage_cc3",38011207.1999,38030845.8588,19638.6589000002,10230.0514245969,0.520913952255511
"rename_power_cc3",2937666.1396,2938551.5577,2938842.2109," total power usage of rename unit_cc3",2937666.1396,2938842.2109,1176.07129999995,612.588523828907,0.520877028313616
"dispatch_stage_power_cc3",2937666.1396,2938551.5577,2938842.2109," total power usage of dispatch stage_cc3",2937666.1396,2938842.2109,1176.07129999995,612.588523828907,0.520877028313616
"dcache_power_cc3",31550433.7396,31563333.7409,31567570.0526," total power usage of dcache_cc3",31550433.7396,31567570.0526,17136.313000001,8925.70812871043,0.520865143436042
"alu_power_cc3",50444957.3125,50485003.4746,50498158.6546," total power usage of alu_cc3",50444957.3125,50498158.6546,53201.3421000019,27710.2167109698,0.520855595313429
"icache_power_cc3",25445418.8451,25450630.3305,25452349.3281," total power usage of icache_cc3",25445418.8451,25452349.3281,6930.48299999908,3608.92706669824,0.520732403022808
"dcache2_power_cc1",31410.3373,31410.5794,31409.6109," total power usage of dcache2_cc1",31409.6109,31410.5794,0.96849999999904,0.504027383514898,0.520420633469693
"avg_alu_power_cc3",4.1294,4.1255,4.1242," avg power usage of alu_cc3",4.1242,4.1294,0.00520000000000032,0.00270616579930621,0.520416499866547
"avg_icache_access",2.2677,2.2638,2.2625," avg number accesses of icache",2.2625,2.2677,0.00519999999999987,0.00270616579930596,0.520416499866543
"avg_bpred_power_cc2",0.7052,0.704,0.7036," avg power usage of bpred unit_cc2",0.7036,0.7052,0.00160000000000005,0.000832666399786486,0.520416499866539
"avg_lsq_power_cc2",0.1869,0.1866,0.1865," avg power usage of instruction lsq_cc2",0.1865,0.1869,0.000400000000000011,0.000208166599946621,0.520416499866539
"avg_alu_power_cc2",2.7918,2.787,2.7854," avg power usage of alu_cc2",2.7854,2.7918,0.00639999999999974,0.00333066559914569,0.520416499866536
"avg_dcache_power_cc2",2.2653,2.2614,2.2601," avg power usage of dcache_cc2",2.2601,2.2653,0.00519999999999987,0.00270616579930589,0.52041649986653
"avg_rename_power_cc1",0.3356,0.335,0.3348," avg power usage of rename unit_cc1",0.3348,0.3356,0.000800000000000023,0.000416333199893234,0.520416499866528
"avg_dispatch_power_cc1",0.3356,0.335,0.3348," average power of dispatch unit per cycle_cc1",0.3348,0.3356,0.000800000000000023,0.000416333199893234,0.520416499866528
"avg_regfile_access",2.7694,2.7647,2.7631," avg number accesses of arch. regfile",2.7631,2.7694,0.00629999999999997,0.00327465010853578,0.519785731513619
"avg_resultbus_access",2.3768,2.3727,2.3713," avg number accesses of resultbus",2.3713,2.3768,0.00549999999999962,0.0028583211855911,0.5196947610166
"avg_fetch_power_cc3",3.1115,3.1074,3.106," average power of fetch unit per cycle_cc3",3.106,3.1115,0.00550000000000006,0.00285832118559128,0.51969476101659
"ul2.wb_rate",0.1308,0.1273,0.1299," writeback rate (i.e., wrbks/ref)",0.1273,0.1308,0.0035,0.00181750745069541,0.519287843055831
"avg_icache_power_cc3",2.0829,2.0798,2.0787," avg power usage of icache_cc3",2.0787,2.0829,0.00419999999999998,0.00217791949652259,0.51855226107681
"sim_slip",254516386,254978113,255143066," total number of slip cycles",254516386,255143066,626680,324840.765385648,0.518351894724018
"avg_sim_slip",9.8922,9.9101,9.9165," the average slip between issue and retirement",9.8922,9.9165,0.0242999999999984,0.0125953695195224,0.518327963766387
"sim_CPI",0.4748,0.4756,0.4759," cycles per instruction",0.4748,0.4759,0.00109999999999999,0.000568624070307732,0.516930973007034
"ul2.writebacks",9923,9652,9848," total number of writebacks",9652,9923,271,139.929744276667,0.516345919840098
"avg_dcache_access",0.7446,0.7433,0.7428," avg number accesses of dcache",0.7428,0.7446,0.00180000000000002,0.000929157324317778,0.51619851350987
"lsq_occupancy",4.6305,4.632,4.6358," avg LSQ occupancy (insn's)",4.6305,4.6358,0.00530000000000008,0.00273191019862175,0.515454754456926
"avg_bpred_access",0.3118,0.3113,0.3111," avg number accesses of bpred unit",0.3111,0.3118,0.000700000000000034,0.000360555127546413,0.515078753637708
"alu_power_cc1",67991753.4315,67992359.5491,67991930.2158," total power usage of alu_cc1",67991753.4315,67992359.5491,606.117599993944,311.70453858124,0.514264127265657
"avg_regfile_power_cc1",2.5601,2.5556,2.5706," avg power usage of arch. regfile_cc1",2.5556,2.5706,0.0150000000000001,0.00769740215917043,0.513160143944691
"avg_total_power_cycle_cc3",23.2299,23.2085,23.2391," average total power per cycle_cc3",23.2085,23.2391,0.0305999999999997,0.0157001061567535,0.513075364599792
"total_power_cycle_cc3",283780518.1068,284010709.7081,284545444.4444," total power per cycle_cc3",283780518.1068,284545444.4444,764926.337599993,392437.195287139,0.513039198674263
"avg_total_power_insn_cc3",10.4519,10.4604,10.4801," average total power per insn_cc3",10.4519,10.4801,0.0282,0.014465937001568,0.512976489417305
"avg_clock_power_cc2",7.9006,7.8954,7.8931," avg power usage of clock_cc2",7.8931,7.9006,0.00750000000000028,0.003842308333975,0.512307777863313
"dcache_power_cc1",37459111.9989,37458975.0885,37458914.2394," total power usage of dcache_cc1",37458914.2394,37459111.9989,197.759499996901,101.288277075031,0.512179071430796
"avg_regfile_power_cc2",0.7036,0.7024,0.7062," avg power usage of arch. regfile_cc2",0.7024,0.7062,0.00380000000000003,0.00194250697124448,0.511186045064333
"avg_lsq_power_cc1",0.2827,0.2823,0.2821," avg power usage of lsq_cc1",0.2821,0.2827,0.000599999999999989,0.000305505046330386,0.509175077217319
"total_resultbus_access",29035116,29035113,29035122," total number accesses of resultbus",29035113,29035122,9,4.58257569495584,0.509175077217316
"fetch_stage_power_cc1",40661334.7752,40661293.0979,40661307.0981," total power usage of fetch stage_cc1",40661293.0979,40661334.7752,41.6772999987006,21.2093721409151,0.508895061378169
"avg_window_power_cc3",1.7154,1.7129,1.7203," avg power usage of instruction window_cc3",1.7129,1.7203,0.00739999999999985,0.00376430604494367,0.508690006073479
"total_regfile_access",33831829,33832006,33831889," total number accesses of arch. regfile",33831829,33832006,177,90.0166651237425,0.50856872951267
"avg_issue_power_cc1",12.4694,12.448,12.4819," average power of issue unit per cycle_cc1",12.448,12.4819,0.0338999999999992,0.0171436091104913,0.505711183200346
"clock_power_cc3",112808618.537,112949758.2739,113037730.3721," total power usage of clock_cc3",112808618.537,113037730.3721,229111.835099995,115579.516911373,0.504467684355672
"avg_window_power_cc1",1.9095,1.9063,1.9146," avg power usage of instruction window_cc1",1.9063,1.9146,0.00829999999999997,0.00418608807042247,0.504347960291865
"avg_window_power_cc2",1.6938,1.6909,1.6982," avg power usage of instruction window_cc2",1.6909,1.6982,0.00729999999999986,0.00367559518989775,0.503506190396962
"lsq_latency",2.0834,2.0877,2.0906," avg LSQ occupant latency (cycle's)",2.0834,2.0906,0.00719999999999965,0.00362261415739132,0.503140855193264
"LSQ_count",56567248,56683709,56762449," cumulative LSQ occupancy",56567248,56762449,195201,98206.0610162801,0.503102243412073
"rename_power_cc1",4099777.0653,4099773.3036,4099768.288," total power usage of rename unit_cc1",4099768.288,4099777.0653,8.77729999972507,4.40355208010556,0.501697797755971
"dispatch_stage_power_cc1",4099777.0653,4099773.3036,4099768.288," total power usage of dispatch stage_cc1",4099768.288,4099777.0653,8.77729999972507,4.40355208010556,0.501697797755971
"total_window_access",99535719,99535893,99535794," total number accesses of instruction window",99535719,99535893,174,87.2754260946345,0.501582908589853
"avg_clock_power_cc3",9.2344,9.2299,9.2319," avg power usage of clock_cc3",9.2299,9.2344,0.00450000000000017,0.00225462487641158,0.501027750313665
"avg_issue_power_cc3",9.881,9.8693,9.8953," average power of issue unit per cycle_cc3",9.8693,9.8953,0.0259999999999998,0.0130216486411411,0.500832640043891
"avg_issue_power_cc2",8.0588,8.0449,8.0702," average power of issue unit per cycle_cc2",8.0449,8.0702,0.0252999999999997,0.0126705695741481,0.500813026646179
"bpred_power_cc1",15750729.2619,15750724.7387,15750733.785," total power usage of bpred unit_cc1",15750724.7387,15750733.785,9.04629999957979,4.52314999988201,0.500000000010183
"total_lsq_access",9169389,9169391,9169387," total number accesses of load/store queue",9169387,9169391,4,2,0.5
"sim_num_insn",25729108,25729108,25729108," total number of instructions committed",25729108,25729108,0,0,NA
"sim_num_refs",9061672,9061672,9061672," total number of loads and stores committed",9061672,9061672,0,0,NA
"sim_num_loads",6510002,6510002,6510002," total number of loads committed",6510002,6510002,0,0,NA
"sim_num_stores",2551670,2551670,2551670," total number of stores committed",2551670,2551670,0,0,NA
"sim_num_branches",3809455,3809455,3809455," total number of branches committed",3809455,3809455,0,0,NA
"sim_IPB",6.754,6.754,6.754," instruction per branch",6.754,6.754,0,0,NA
"bpred_bimod.updates",3809455,3809455,3809455," total number of updates",3809455,3809455,0,0,NA
"bpred_bimod.addr_hits",3660275,3660275,3660275," total number of address-predicted hits",3660275,3660275,0,0,NA
"bpred_bimod.dir_hits",3660840,3660840,3660840," total number of direction-predicted hits (includes addr-hits)",3660840,3660840,0,0,NA
"bpred_bimod.misses",148615,148615,148615," total number of misses",148615,148615,0,0,NA
"bpred_bimod.jr_hits",329020,329020,329020," total number of address-predicted hits for JR's",329020,329020,0,0,NA
"bpred_bimod.jr_seen",329260,329260,329260," total number of JR's seen",329260,329260,0,0,NA
"bpred_bimod.jr_non_ras_hits.PP",6286,6286,6286," total number of address-predicted hits for non-RAS JR's",6286,6286,0,0,NA
"bpred_bimod.jr_non_ras_seen.PP",6328,6328,6328," total number of non-RAS JR's seen",6328,6328,0,0,NA
"bpred_bimod.bpred_addr_rate",0.9608,0.9608,0.9608," branch address-prediction rate (i.e., addr-hits/updates)",0.9608,0.9608,0,0,NA
"bpred_bimod.bpred_dir_rate",0.961,0.961,0.961," branch direction-prediction rate (i.e., all-hits/updates)",0.961,0.961,0,0,NA
"bpred_bimod.bpred_jr_rate",0.9993,0.9993,0.9993," JR address-prediction rate (i.e., JR addr-hits/JRs seen)",0.9993,0.9993,0,0,NA
"bpred_bimod.bpred_jr_non_ras_rate.PP",0.9934,0.9934,0.9934," non-RAS JR addr-pred rate (ie, non-RAS JR hits/JRs seen)",0.9934,0.9934,0,0,NA
"bpred_bimod.retstack_pushes",341572,341572,341572," total number of address pushed onto ret-addr stack",341572,341572,0,0,NA
"bpred_bimod.used_ras.PP",322932,322932,322932," total number of RAS predictions used",322932,322932,0,0,NA
"bpred_bimod.ras_hits.PP",322734,322734,322734," total number of RAS hits",322734,322734,0,0,NA
"bpred_bimod.ras_rate.PP",0.9994,0.9994,0.9994," RAS prediction rate (i.e., RAS hits/used RAS)",0.9994,0.9994,0,0,NA
"il1.writebacks",0,0,0," total number of writebacks",0,0,0,0,NA
"il1.invalidations",0,0,0," total number of invalidations",0,0,0,0,NA
"il1.miss_rate",8e-04,8e-04,8e-04," miss rate (i.e., misses/ref)",8e-04,8e-04,0,0,NA
"il1.repl_rate",8e-04,8e-04,8e-04," replacement rate (i.e., repls/ref)",8e-04,8e-04,0,0,NA
"il1.wb_rate",0,0,0," writeback rate (i.e., wrbks/ref)",0,0,0,0,NA
"il1.inv_rate",0,0,0," invalidation rate (i.e., invs/ref)",0,0,0,0,NA
"dl1.misses",42474,42474,42474," total number of misses",42474,42474,0,0,NA
"dl1.replacements",41962,41962,41962," total number of replacements",41962,41962,0,0,NA
"dl1.writebacks",10544,10544,10544," total number of writebacks",10544,10544,0,0,NA
"dl1.invalidations",0,0,0," total number of invalidations",0,0,0,0,NA
"dl1.miss_rate",0.0047,0.0047,0.0047," miss rate (i.e., misses/ref)",0.0047,0.0047,0,0,NA
"dl1.repl_rate",0.0046,0.0046,0.0046," replacement rate (i.e., repls/ref)",0.0046,0.0046,0,0,NA
"dl1.wb_rate",0.0012,0.0012,0.0012," writeback rate (i.e., wrbks/ref)",0.0012,0.0012,0,0,NA
"dl1.inv_rate",0,0,0," invalidation rate (i.e., invs/ref)",0,0,0,0,NA
"ul2.invalidations",0,0,0," total number of invalidations",0,0,0,0,NA
"ul2.inv_rate",0,0,0," invalidation rate (i.e., invs/ref)",0,0,0,0,NA
"itlb.misses",20,20,20," total number of misses",20,20,0,0,NA
"itlb.replacements",0,0,0," total number of replacements",0,0,0,0,NA
"itlb.writebacks",0,0,0," total number of writebacks",0,0,0,0,NA
"itlb.invalidations",0,0,0," total number of invalidations",0,0,0,0,NA
"itlb.miss_rate",0,0,0," miss rate (i.e., misses/ref)",0,0,0,0,NA
"itlb.repl_rate",0,0,0," replacement rate (i.e., repls/ref)",0,0,0,0,NA
"itlb.wb_rate",0,0,0," writeback rate (i.e., wrbks/ref)",0,0,0,0,NA
"itlb.inv_rate",0,0,0," invalidation rate (i.e., invs/ref)",0,0,0,0,NA
"dtlb.misses",83,83,83," total number of misses",83,83,0,0,NA
"dtlb.replacements",0,0,0," total number of replacements",0,0,0,0,NA
"dtlb.writebacks",0,0,0," total number of writebacks",0,0,0,0,NA
"dtlb.invalidations",0,0,0," total number of invalidations",0,0,0,0,NA
"dtlb.miss_rate",0,0,0," miss rate (i.e., misses/ref)",0,0,0,0,NA
"dtlb.repl_rate",0,0,0," replacement rate (i.e., repls/ref)",0,0,0,0,NA
"dtlb.wb_rate",0,0,0," writeback rate (i.e., wrbks/ref)",0,0,0,0,NA
"dtlb.inv_rate",0,0,0," invalidation rate (i.e., invs/ref)",0,0,0,0,NA
"avg_rename_power",0.418,0.418,0.418," avg power usage of rename unit",0.418,0.418,0,0,NA
"avg_bpred_power",4.5231,4.5231,4.5231," avg power usage of bpred unit",4.5231,4.5231,0,0,NA
"avg_window_power",2.2043,2.2043,2.2043," avg power usage of instruction window",2.2043,2.2043,0,0,NA
"avg_lsq_power",0.9632,0.9632,0.9632," avg power usage of lsq",0.9632,0.9632,0,0,NA
"avg_regfile_power",3.5725,3.5725,3.5725," avg power usage of arch. regfile",3.5725,3.5725,0,0,NA
"avg_icache_power",2.4769,2.4769,2.4769," avg power usage of icache",2.4769,2.4769,0,0,NA
"avg_dcache_power",6.0849,6.0849,6.0849," avg power usage of dcache",6.0849,6.0849,0,0,NA
"avg_dcache2_power",0.4842,0.4842,0.4842," avg power usage of dcache2",0.4842,0.4842,0,0,NA
"avg_alu_power",18.9412,18.9412,18.9412," avg power usage of alu",18.9412,18.9412,0,0,NA
"avg_falu_power",14.281,14.281,14.281," avg power usage of falu",14.281,14.281,0,0,NA
"avg_resultbus_power",2.2975,2.2975,2.2975," avg power usage of resultbus",2.2975,2.2975,0,0,NA
"avg_clock_power",26.0975,26.0975,26.0975," avg power usage of clock",26.0975,26.0975,0,0,NA
"avg_fetch_power",7.0001,7.0001,7.0001," average power of fetch unit per cycle",7.0001,7.0001,0,0,NA
"avg_dispatch_power",0.418,0.418,0.418," average power of dispatch unit per cycle",0.418,0.418,0,0,NA
"avg_issue_power",30.9754,30.9754,30.9754," average power of issue unit per cycle",30.9754,30.9754,0,0,NA
"avg_total_power_cycle",68.0633,68.0633,68.0633," average total power per cycle",68.0633,68.0633,0,0,NA
"avg_total_power_cycle_nofp_nod2",53.2981,53.2981,53.2981," average total power per cycle",53.2981,53.2981,0,0,NA
"avg_dcache2_power_cc1",0.0026,0.0026,0.0026," avg power usage of dcache2_cc1",0.0026,0.0026,0,0,NA
"bpred_power_cc2",8615323.2324,8615323.2324,8615323.2324," total power usage of bpred unit_cc2",8615323.2324,8615323.2324,0,0,NA
"avg_dcache2_power_cc2",0.0015,0.0015,0.0015," avg power usage of dcache2_cc2",0.0015,0.0015,0,0,NA
"avg_dcache2_power_cc3",0.0497,0.0497,0.0497," avg power usage of dcache2_cc3",0.0497,0.0497,0,0,NA
"total_bpred_access",3809455,3809455,3809455," total number accesses of bpred unit",3809455,3809455,0,0,NA
"avg_dcache2_access",0.0062,0.0062,0.0062," avg number accesses of dcache2",0.0062,0.0062,0,0,NA
"max_rename_access",4,4,4," max number accesses of rename unit",4,4,0,0,NA
"max_bpred_access",3,3,3," max number accesses of bpred unit",3,3,0,0,NA
"max_window_access",16,16,16," max number accesses of instruction window",16,16,0,0,NA
"max_lsq_access",5,5,5," max number accesses of load/store queue",5,5,0,0,NA
"max_regfile_access",11,11,11," max number accesses of arch. regfile",11,11,0,0,NA
"max_icache_access",4,4,4," max number accesses of icache",4,4,0,0,NA
"max_dcache_access",4,4,4," max number accesses of dcache",4,4,0,0,NA
"max_dcache2_access",4,4,4," max number accesses of dcache2",4,4,0,0,NA
"max_alu_access",4,4,4," max number accesses of alu",4,4,0,0,NA
"max_resultbus_access",6,6,6," max number accesses of resultbus",6,6,0,0,NA
"sim_invalid_addrs",0,0,0," total non-speculative bogus addresses seen (debug var)",0,0,0,0,NA
"ld_text_base",4831838208,4831838208,4831838208," program text (code) segment base",4831838208,4831838208,0,0,NA
"ld_text_size",106496,106496,106496," program text (code) size in bytes",106496,106496,0,0,NA
"ld_data_base",5368709120,5368709120,5368709120," program initialized data segment base",5368709120,5368709120,0,0,NA
"ld_data_size",71264,71264,71264," program init'ed `.data' and uninit'ed `.bss' size in bytes",71264,71264,0,0,NA
"ld_stack_base",4831424512,4831424512,4831424512," program stack segment base (highest address in stack)",4831424512,4831424512,0,0,NA
"ld_stack_size",16384,16384,16384," program initial stack size",16384,16384,0,0,NA
"ld_prog_entry",4831861184,4831861184,4831861184," program entry point (initial PC)",4831861184,4831861184,0,0,NA
"ld_environ_base",4831408128,4831408128,4831408128," program environment base address address",4831408128,4831408128,0,0,NA
"ld_target_big_endian",0,0,0," target executable endian-ness, non-zero if big endian",0,0,0,0,NA
"mem.page_count",54,54,54," total number of pages allocated",54,54,0,0,NA
"mem.ptab_misses",456695,456695,456695," total first level page table misses",456695,456695,0,0,NA
"mem.ptab_miss_rate",0.0024,0.0024,0.0024," first level page table miss rate",0.0024,0.0024,0,0,NA
